콘존ID,콘존길이,기점종점방향구분코드,시작노드ID,종료노드ID,차로수,노선번호,제한속도,노선구성순번,콘존명,버스전용차로유무,도로등급구분코드
0010CZE005,200,E,491,4,3,10,100,1,경부고속국도시점-구서IC,0,101
0010CZE010,1820,E,4,446,3,10,100,2,구서IC-영락IC,0,101
0010CZE011,1990,E,446,486,3,10,100,3,영락IC-부산TG,0,101
0010CZE020,1070,E,486,447,3,10,100,4,부산TG-노포,0,101
0010CZE030,7780,E,447,669,3,10,100,5,노포IC-노포JC,0,101
0010CZE035,7280,E,669,155,2,10,100,6,노포JC-양산JC,0,101
0010CZE040,5080,E,155,453,4,10,100,7,양산JC-양산IC,0,101
0010CZE050,14110,E,453,652,3,10,100,8,양산IC-통도사Hi,0,101
0010CZE055,1,E,652,160,3,10,100,9,통도사Hi-서울산IC,0,101
0010CZE060,1010,E,160,1027,3,10,100,10,통도사IC-서울주JC,0,101
0010CZE065,5420,E,1027,203,3,10,100,11,서울주JC-서울산IC,0,101
0010CZE070,1630,E,203,204,3,10,100,12,서울산IC-언양JC,0,101
0010CZE080,17090,E,204,635,3,10,100,13,언양JC-활천IC,0,101
0010CZE085,11060,E,635,8,2,10,100,14,활천IC-경주IC,0,101
0010CZE090,10400,E,8,9,3,10,100,15,경주IC-건천IC,0,101
0010CZE100,12180,E,9,1012,3,10,100,16,건천IC-영천JC,0,101
0010CZE105,5550,E,1012,116,2,10,100,17,영천JC-영천IC,0,101
0010CZE110,16450,E,116,115,3,10,100,18,영천IC-경산IC,0,101
0010CZE120,9260,E,115,10,4,10,100,19,경산IC-동대구JC,0,101
0010CZE130,4090,E,10,18,4,10,100,20,동대구JC-도동JC,0,101
0010CZE140,7680,E,18,12,4,10,100,21,도동JC-북대구IC,0,101
0010CZE150,5480,E,12,13,4,10,100,22,북대구IC-금호JC,0,101
0010CZE160,4050,E,13,1051,4,10,100,23,금호JC-칠곡JC,0,101
0010CZE165,6690,E,1051,464,4,10,100,24,칠곡JC-칠곡물류IC,0,101
0010CZE170,3180,E,464,117,4,10,100,25,칠곡물류IC-왜관IC,0,101
0010CZE180,13980,E,117,120,4,10,100,26,왜관IC-남구미IC,0,101
0010CZE190,5070,E,120,122,4,10,100,27,남구미IC-구미IC,0,101
0010CZE200,6960,E,122,1045,4,10,100,28,구미IC-북구미하이패스IC,0,101
0010CZE205,3900,E,1045,80,4,10,100,29,북구미하이패스IC-김천JC,0,101
0010CZE210,9120,E,80,563,3,10,100,30,김천JC-동김천IC,0,101
0010CZE215,7970,E,563,123,3,10,100,31,동김천IC-김천IC,0,101
0010CZE220,12030,E,123,82,3,10,100,32,김천IC-추풍령IC,0,101
0010CZE230,10080,E,82,96,3,10,100,33,추풍령IC-황간IC,0,101
0010CZE240,9890,E,96,95,3,10,100,34,황간IC-영동IC,0,101
0010CZE250,16040,E,95,463,3,10,100,35,영동IC-금강IC,0,101
0010CZE260,11400,E,463,21,3,10,100,36,금강IC-옥천IC,0,101
0010CZE270,8670,E,21,108,3,10,100,37,옥천IC-비룡JC,0,101
0010CZE280,4060,E,108,100,3,10,100,38,비룡JC-대전IC,0,101
0010CZE290,5450,E,100,102,3,10,100,39,대전IC-회덕JC,0,101
0010CZE300,5090,E,102,104,4,10,100,40,회덕JC-신탄진IC,0,101
0010CZE310,10070,E,104,68,4,10,100,41,신탄진IC-남청주IC,1,101
0010CZE320,3550,E,68,362,4,10,100,42,남청주IC-청주JC,1,101
0010CZE330,3890,E,362,67,3,10,100,43,청주JC-남이JC,1,101
0010CZE340,4620,E,67,66,3,10,100,44,남이JC-청주IC,1,101
0010CZE350,3490,E,66,649,3,10,100,45,청주IC-옥산IC,1,101
0010CZE355,7500,E,649,673,3,10,100,46,옥산IC-옥산JC,1,101
0010CZE357,13810,E,673,49,3,10,100,47,옥산JC-독립기념관IC,1,101
0010CZE360,3530,E,49,50,3,10,100,48,독립기념관IC-천안JC,1,101
0010CZE370,6700,E,50,52,4,10,100,49,천안JC-천안IC,1,101
0010CZE380,8360,E,52,562,4,10,110,50,천안IC-북천안IC,1,101
0010CZE385,11610,E,562,247,4,10,110,51,북천안IC-안성IC,1,101
0010CZE390,4830,E,247,300,4,10,110,52,안성IC-안성JC,1,101
0010CZE400,7960,E,300,1063,4,10,110,53,안성JC-남사진위IC,1,101
0010CZE405,5310,E,1063,244,4,10,110,54,남사진위IC-오산IC,1,101
0010CZE410,3890,E,244,432,4,10,110,55,오산IC-동탄JC,1,101
0010CZE420,4390,E,432,462,4,10,110,56,동탄JC-기흥동탄IC,1,101
0010CZE430,700,E,462,308,5,10,110,57,기흥동탄IC-기흥IC,1,101
0010CZE440,5090,E,308,305,5,10,110,58,기흥IC-수원신갈IC,1,101
0010CZE450,2680,E,305,309,5,10,110,59,수원신갈IC-신갈JC,1,101
0010CZE460,8340,E,309,280,5,10,110,60,신갈JC-서울TG,1,101
0010CZE470,3640,E,280,274,5,10,110,61,서울TG-판교IC,1,101
0010CZE480,1100,E,274,273,5,10,110,62,판교IC-판교JC,1,101
0010CZE490,390,E,273,460,5,10,110,63,판교JC-대왕판교IC,1,101
0010CZE500,870,E,460,681,5,10,110,64,대왕판교IC-금토JC,1,101
0010CZE505,6750,E,681,238,5,10,100,65,금토JC-양재IC,0,101
0010CZE510,2490,E,238,237,4,10,100,66,양재IC-서초IC,1,101
0010CZE520,1780,E,237,233,4,10,100,67,서초IC-반포IC,1,101
0010CZE521,1380,E,233,487,4,10,100,68,반포IC-잠원IC,1,101
0010CZE522,1300,E,487,476,4,10,100,69,잠원IC-한남IC,1,101
0010CZS005,200,S,4,491,3,10,100,69,구서IC-경부고속국도시점,0,101
0010CZS010,1820,S,446,4,3,10,100,68,영락IC-구서IC,0,101
0010CZS011,1990,S,486,446,3,10,100,67,부산TG-영락IC,0,101
0010CZS020,1070,S,447,486,3,10,100,66,노포IC-부산TG,0,101
0010CZS030,7780,S,669,447,3,10,100,65,노포JC-노포IC,0,101
0010CZS035,7280,S,155,669,2,10,100,64,양산JC-노포JC,0,101
0010CZS040,5080,S,453,155,4,10,100,63,양산IC-양산JC,0,101
0010CZS050,14110,S,652,453,3,10,100,62,통도사Hi-양산IC,0,101
0010CZS055,1050,S,160,652,3,10,100,61,통도사IC-통도사Hi,0,101
0010CZS060,1010,S,1027,160,3,10,100,60,서울주JC-통도사IC,0,101
0010CZS065,5420,S,203,1027,3,10,100,59,서울산IC-서울주JC,0,101
0010CZS070,1630,S,204,203,3,10,100,58,언양JC-서울산IC,0,101
0010CZS080,17090,S,635,204,3,10,100,57,활천IC-언양JC,0,101
0010CZS085,11060,S,8,635,2,10,100,56,경주IC-활천IC,0,101
0010CZS090,10400,S,9,8,3,10,100,55,건천IC-경주IC,0,101
0010CZS100,12180,S,1012,9,3,10,100,54,영천JC-건천IC,0,101
0010CZS105,5550,S,116,1012,2,10,100,53,영천IC-영천JC,0,101
0010CZS110,16450,S,115,116,3,10,100,52,경산IC-영천IC,0,101
0010CZS120,9260,S,10,115,4,10,100,51,동대구JC-경산IC,0,101
0010CZS130,4090,S,18,10,4,10,100,50,도동JC-동대구JC,0,101
0010CZS140,7680,S,12,18,4,10,100,49,북대구IC-도동JC,0,101
0010CZS150,5480,S,13,12,4,10,100,48,금호JC-북대구IC,0,101
0010CZS160,4050,S,1051,13,4,10,100,47,칠곡JC-금호JC,0,101
0010CZS165,6690,S,464,1051,4,10,100,46,칠곡물류IC-칠곡JC,0,101
0010CZS170,3180,S,117,464,4,10,100,45,왜관IC-칠곡물류IC,0,101
0010CZS180,13980,S,120,117,4,10,100,44,남구미IC-왜관IC,0,101
0010CZS190,5070,S,122,120,4,10,100,43,구미IC-남구미IC,0,101
0010CZS200,6960,S,1045,122,4,10,100,42,북구미하이패스IC-구미IC,0,101
0010CZS205,3900,S,80,1045,4,10,100,41,김천JC-북구미하이패스IC,0,101
0010CZS210,9120,S,563,80,3,10,100,40,동김천IC-김천JC,0,101
0010CZS215,7970,S,123,563,3,10,100,39,김천IC-동김천IC,0,101
0010CZS220,12030,S,82,123,3,10,100,38,추풍령IC-김천IC,0,101
0010CZS230,10080,S,96,82,3,10,100,37,황간IC-추풍령IC,0,101
0010CZS240,9890,S,95,96,3,10,100,36,영동IC-황간IC,0,101
0010CZS250,16040,S,463,95,3,10,100,35,금강IC-영동IC,0,101
0010CZS260,11400,S,21,463,3,10,100,34,옥천IC-금강IC,0,101
0010CZS270,8670,S,108,21,3,10,100,33,비룡JC-옥천IC,0,101
0010CZS280,4060,S,100,108,3,10,100,32,대전IC-비룡JC,0,101
0010CZS290,5450,S,102,100,3,10,100,31,회덕JC-대전IC,0,101
0010CZS300,5090,S,104,102,4,10,100,30,신탄진IC-회덕JC,0,101
0010CZS310,10070,S,68,104,4,10,100,29,남청주IC-신탄진IC,1,101
0010CZS320,3550,S,362,68,4,10,100,28,청주JC-남청주IC,1,101
0010CZS330,3890,S,67,362,3,10,100,27,남이JC-청주JC,1,101
0010CZS340,4620,S,66,67,3,10,100,26,청주IC-남이JC,1,101
0010CZS350,3490,S,649,66,3,10,100,25,옥산IC-청주IC,1,101
0010CZS355,7500,S,673,649,3,10,100,24,옥산JC-옥산IC,0,101
0010CZS357,13810,S,49,673,3,10,100,23,독립기념관IC-옥산JC,1,101
0010CZS360,3530,S,50,49,3,10,100,22,천안JC-독립기념관IC,1,101
0010CZS370,6700,S,52,50,4,10,100,21,천안IC-천안JC,1,101
0010CZS380,8360,S,562,52,4,10,110,20,북천안IC-천안IC,1,101
0010CZS385,11610,S,247,562,4,10,110,19,안성IC-북천안IC,1,101
0010CZS390,4830,S,300,247,4,10,110,18,안성JC-안성IC,1,101
0010CZS400,7960,S,1063,300,4,10,110,17,남사진위IC-안성JC,1,101
0010CZS405,5310,S,244,1063,4,10,110,16,오산IC-남사진위IC,1,101
0010CZS410,3890,S,432,244,4,10,110,15,동탄JC-오산IC,1,101
0010CZS420,4390,S,462,432,4,10,110,14,기흥동탄IC-동탄JC,1,101
0010CZS430,700,S,308,462,5,10,110,13,기흥IC-기흥동탄IC,1,101
0010CZS440,5090,S,305,308,5,10,110,12,수원신갈IC-기흥IC,1,101
0010CZS450,2680,S,309,305,5,10,110,11,신갈JC-수원신갈IC,1,101
0010CZS460,8340,S,280,309,5,10,110,10,서울TG-신갈JC,1,101
0010CZS470,3640,S,274,280,5,10,110,9,판교IC-서울TG,1,101
0010CZS480,1100,S,273,274,5,10,110,8,판교JC-판교IC,1,101
0010CZS490,390,S,460,273,5,10,110,7,대왕판교IC-판교JC,1,101
0010CZS500,870,S,681,460,5,10,110,6,금토JC-대왕판교IC,1,101
0010CZS505,6750,S,238,681,5,10,100,5,양재IC-금토JC,0,101
0010CZS510,2490,S,237,238,4,10,100,4,서초IC-양재IC,1,101
0010CZS520,1780,S,233,237,4,10,100,3,반포IC-서초IC,1,101
0010CZS521,1380,S,487,233,4,10,100,2,잠원IC-반포IC,1,101
0010CZS522,1300,S,476,487,4,10,100,1,한남IC-잠원IC,1,101
0100CZE010,3800,E,222,221,2,100,100,1,서순천IC-순천IC,0,101
0100CZE020,1800,E,221,535,2,100,100,2,순천IC-순천JC,0,101
0100CZE025,7000,E,535,212,2,100,100,3,순천JC-광양IC,0,101
0100CZE030,5100,E,212,215,2,100,100,4,광양IC-동광양IC,0,101
0100CZE040,6500,E,215,214,2,100,100,5,동광양IC-옥곡IC,0,101
0100CZE050,4400,E,214,213,2,100,100,6,옥곡IC-진월IC,0,101
0100CZE060,7000,E,213,227,2,100,100,7,진월IC-하동IC,0,101
0100CZE070,10100,E,227,130,2,100,100,8,하동IC-진교IC,0,101
0100CZE080,6400,E,130,131,2,100,100,9,진교IC-곤양IC,0,101
0100CZE090,8000,E,131,126,2,100,100,10,곤양IC-축동IC,0,101
0100CZE100,5900,E,126,132,2,100,100,11,축동IC-사천IC,0,101
0100CZE110,2500,E,132,133,2,100,100,12,사천IC-진주JC,0,101
0100CZE120,3200,E,133,134,2,100,100,13,진주JC-진주IC,0,101
0100CZE130,4000,E,134,128,2,100,80,14,진주IC-문산IC,0,101
0100CZE140,6900,E,128,136,2,100,100,15,문산IC-진성IC,0,101
0100CZE150,6000,E,136,127,2,100,80,16,진성IC-지수IC,0,101
0100CZE160,9200,E,127,168,2,100,100,17,지수IC-군북IC,0,101
0100CZE170,2800,E,168,129,2,100,100,18,군북IC-장지IC,0,101
0100CZE180,3600,E,129,149,2,100,100,19,장지IC-함안IC,0,101
0100CZE190,8700,E,149,124,2,100,100,20,함안IC-산인JC,0,101
0100CZE200,3100,E,124,148,2,100,100,21,산인JC-칠원JC,0,101
0100CZE205,4900,E,148,650,2,100,100,22,칠원JC - 창원1터널(서측),0,101
0100CZE210,2700,E,650,651,2,100,100,23,창원1터널(서측) - 창원1터널(동측),0,101
0100CZE215,1200,E,651,150,2,100,100,24,창원1터널(동측) - 북창원IC,0,101
0100CZE220,3600,E,150,145,2,100,100,25,북창원IC-창원JC,0,101
0100CZE230,5000,E,145,146,2,100,100,26,창원JC-동창원IC,0,101
0100CZE240,2300,E,146,663,2,100,100,27,동창원IC-진영JC,0,101
0100CZE245,4000,E,663,143,4,100,100,28,진영JC-진례IC,0,101
0100CZE250,3200,E,143,624,4,100,100,29,진례IC-진례JC,0,101
0100CZE255,3800,E,624,139,4,100,100,30,진례JC-냉정JC,0,101
0100CZE260,4800,E,139,138,4,100,100,31,냉정JC-서김해IC,0,101
0100CZE270,4500,E,138,140,3,100,100,32,서김해IC-동김해IC,0,101
0100CZE280,2700,E,140,577,3,100,100,33,동김해IC-김해JC,0,101
0100CZE282,1600,E,577,497,3,100,100,34,김해JC-북부산TG,0,101
0100CZE285,3200,E,497,3,2,100,100,35,북부산TG-대저JC,0,101
0100CZE290,2860,E,3,6,2,100,100,36,대저JC-덕천IC,0,101
0100CZE300,1640,E,6,450,2,100,100,37,덕천IC-구포IC,0,101
0100CZS010,3800,S,221,222,2,100,100,37,순천IC-서순천IC,0,101
0100CZS020,1800,S,535,221,2,100,100,36,순천JC-순천IC,0,101
0100CZS025,7000,S,212,535,2,100,100,35,광양IC-순천JC,0,101
0100CZS030,5100,S,215,212,2,100,100,34,동광양IC-광양IC,0,101
0100CZS040,6500,S,214,215,2,100,100,33,옥곡IC-동광양IC,0,101
0100CZS050,4400,S,213,214,2,100,100,32,진월IC-옥곡IC,0,101
0100CZS060,7000,S,227,213,2,100,100,31,하동IC-진월IC,0,101
0100CZS070,10100,S,130,227,2,100,100,30,진교IC-하동IC,0,101
0100CZS080,6400,S,131,130,2,100,100,29,곤양IC-진교IC,0,101
0100CZS090,8000,S,126,131,2,100,100,28,축동IC-곤양IC,0,101
0100CZS100,5900,S,132,126,2,100,100,27,사천IC-축동IC,0,101
0100CZS110,2500,S,133,132,2,100,100,26,진주JC-사천IC,0,101
0100CZS120,3200,S,134,133,2,100,80,25,진주IC-진주JC,0,101
0100CZS130,4000,S,128,134,2,100,100,24,문산IC-진주IC,0,101
0100CZS140,6900,S,136,128,2,100,80,23,진성IC-문산IC,0,101
0100CZS150,6000,S,127,136,2,100,100,22,지수IC-진성IC,0,101
0100CZS160,9200,S,168,127,2,100,100,21,군북IC-지수IC,0,101
0100CZS170,2800,S,129,168,2,100,100,20,장지IC-군북IC,0,101
0100CZS180,3600,S,149,129,2,100,100,19,함안IC-장지IC,0,101
0100CZS190,8700,S,124,149,2,100,80,18,산인JC-함안IC,0,101
0100CZS200,3100,S,148,124,2,100,100,17,칠원JC-산인JC,0,101
0100CZS205,4900,S,650,148,2,100,100,16,창원1터널(서측) - 철원JC,0,101
0100CZS210,2700,S,651,650,2,100,100,15,창원1터널(동측) - 창원1터널(서측),0,101
0100CZS215,1200,S,150,651,2,100,100,14,북창원IC - 창원1터널(동측),0,101
0100CZS220,3600,S,145,150,2,100,100,13,창원JC-북창원IC,0,101
0100CZS230,5000,S,146,145,2,100,100,12,동창원IC-창원JC,0,101
0100CZS240,2300,S,663,146,2,100,100,11,진영JC-동창원IC,0,101
0100CZS245,4000,S,143,663,4,100,100,10,진례IC-진례IC,0,101
0100CZS250,3200,S,624,143,4,100,100,9,진례IC-진례JC,0,101
0100CZS255,3800,S,139,624,4,100,100,8,냉정JC-진례JC,0,101
0100CZS260,4800,S,138,139,4,100,100,7,서김해IC-냉정JC,0,101
0100CZS270,4500,S,140,138,3,100,100,6,동김해IC-서김해IC,0,101
0100CZS280,2700,S,577,140,3,100,100,5,김해JC-동김해IC,0,101
0100CZS282,1600,S,497,577,3,100,100,4,북부산TG-김해JC,0,101
0100CZS285,3200,S,3,497,2,100,100,3,대저JC-북부산TG,0,101
0100CZS290,2860,S,6,3,2,100,100,2,덕천IC-대저JC,0,101
0100CZS300,1640,S,450,6,2,100,100,1,구포IC-덕천IC,0,101
0101CZE010,360,E,548,549,2,101,100,1,시점(영암군학산면은곡리)-서영암IC,0,101
0101CZE020,4550,E,549,550,2,101,100,2,서영암IC-서영암TG,0,101
0101CZE030,430,E,550,551,2,101,100,3,서영암TG-서호학산IC,0,101
0101CZE040,14190,E,551,552,2,101,100,4,서호학산IC-강진IC,0,101
0101CZE050,18730,E,552,553,2,101,100,5,강진IC-장흥IC,0,101
0101CZE060,22940,E,553,554,2,101,100,6,장흥IC-보성IC,0,101
0101CZE070,18510,E,554,555,2,101,100,7,보성IC-벌교IC,0,101
0101CZE080,4720,E,555,556,2,101,100,8,벌교IC-고흥IC,0,101
0101CZE090,12820,E,556,557,2,101,100,9,고흥IC-남순천TG,0,101
0101CZE100,3010,E,557,558,2,101,100,10,남순천TG-순천만IC,0,101
0101CZE110,4700,E,558,559,2,101,100,11,순천만IC-도롱IC,0,101
0101CZE120,1640,E,559,560,2,101,100,12,도롱IC-해룡IC,0,101
0101CZE130,240,E,560,561,2,101,100,13,해룡IC-종점(순천시해룡면성산리),0,101
0101CZS010,360,S,549,548,2,101,100,13,서영암IC-시점(영암군학산면은곡리),0,101
0101CZS020,4550,S,550,549,2,101,100,12,서영암TG-서영암IC,0,101
0101CZS030,430,S,551,550,2,101,100,11,서호학산IC-서영암TG,0,101
0101CZS040,14190,S,552,551,2,101,100,10,강진IC-서호학산IC,0,101
0101CZS050,18730,S,553,552,2,101,100,9,장흥IC-강진IC,0,101
0101CZS060,22940,S,554,553,2,101,100,8,보성IC-장흥IC,0,101
0101CZS070,18510,S,555,554,2,101,100,7,벌교IC-보성IC,0,101
0101CZS080,4720,S,556,555,2,101,100,6,고흥IC-벌교IC,0,101
0101CZS090,12820,S,557,556,2,101,100,5,남순천TG-고흥IC,0,101
0101CZS100,3010,S,558,557,2,101,100,4,순천만IC-남순천TG,0,101
0101CZS110,4700,S,559,558,2,101,100,3,도롱IC-순천만IC,0,101
0101CZS120,1640,S,560,559,2,101,100,2,해룡IC-도롱IC,0,101
0101CZS130,240,S,561,560,2,101,100,1,종점(순천시해룡면성산리)-해룡IC,0,101
0105CZE100,5100,E,620,621,2,105,100,1,남문대교-진해IC,0,109
0105CZE110,4400,E,621,622,2,105,100,2,진해IC-대청IC,0,109
0105CZE120,5600,E,622,623,2,105,100,3,대청IC-산본IC,0,109
0105CZE130,600,E,623,624,2,105,100,4,산본IC-진례JC,0,109
0105CZS100,5100,S,621,620,2,105,100,4,진해IC-남문대교,0,109
0105CZS110,4400,S,622,621,2,105,100,3,대청IC-진해IC,0,109
0105CZS120,5600,S,623,622,2,105,100,2,산본IC-대청IC,0,109
0105CZS130,600,S,624,623,2,105,100,1,진례JC-산본IC,0,109
0120CZE090,3000,E,197,348,3,120,100,1,고서JC-담양JC,0,101
0120CZE100,3740,E,348,200,2,120,100,2,담양JC-담양IC,0,101
0120CZE110,18200,E,200,176,2,120,100,3,담양IC-순창IC,0,101
0120CZE120,17560,E,176,539,2,120,100,4,순창IC-남원JC,0,101
0120CZE125,9040,E,539,177,2,120,100,5,남원JC-남원IC,0,101
0120CZE130,9500,E,177,173,2,120,100,6,남원IC~동남원IC,0,101
0120CZE140,11500,E,173,179,2,120,100,7,동남원IC~지리산IC,0,101
0120CZE150,14080,E,179,1013,2,120,100,8,지리산IC-서함양IC,0,101
0120CZE155,3730,E,1013,161,2,120,100,9,서함양IC-함양IC,0,101
0120CZE160,1880,E,161,162,2,120,100,10,함양IC-함양JC,0,101
0120CZE170,24170,E,162,165,2,120,100,11,함양JC-거창IC,0,101
0120CZE180,10600,E,165,166,2,120,100,12,거창IC-가조IC,0,101
0120CZE190,14800,E,166,167,2,120,100,13,가조IC-해인사IC,0,101
0120CZE200,6400,E,167,113,2,120,100,14,해인사IC-고령IC,0,101
0120CZE210,12620,E,113,114,2,120,100,15,고령IC-동고령IC,0,101
0120CZE220,1980,E,114,357,2,120,100,16,동고령IC-고령JC,0,101
0120CZE230,9600,E,357,16,3,120,100,17,고령JC-옥포JC,0,101
0120CZS090,3000,S,348,197,3,120,100,17,담양JC-고서JC,0,101
0120CZS100,3740,S,200,348,2,120,100,16,담양IC-담양JC,0,101
0120CZS110,18200,S,176,200,2,120,100,15,순창IC-담양IC,0,101
0120CZS120,17560,S,539,176,2,120,100,14,남원JC-순창IC,0,101
0120CZS125,9040,S,177,539,2,120,100,13,남원IC-남원JC,0,101
0120CZS130,9500,S,173,177,2,120,100,12,동남원IC~남원IC,0,101
0120CZS140,11500,S,179,173,2,120,100,11,지리산IC~동남원IC,0,101
0120CZS150,14080,S,1013,179,2,120,100,10,서함양IC-지리산IC,0,101
0120CZS155,3730,S,161,1013,2,120,100,9,함양IC-서함양IC,0,101
0120CZS160,1880,S,162,161,2,120,100,8,함양JC-함양IC,0,101
0120CZS170,24170,S,165,162,2,120,100,7,거창IC-함양JC,0,101
0120CZS180,10600,S,166,165,2,120,100,6,가조IC-거창IC,0,101
0120CZS190,14800,S,167,166,2,120,100,5,해인사IC-가조IC,0,101
0120CZS200,6400,S,113,167,2,120,100,4,고령IC-해인사IC,0,101
0120CZS210,12620,S,114,113,2,120,100,3,동고령IC-고령IC,0,101
0120CZS220,1980,S,357,114,2,120,100,2,고령JC-동고령IC,0,101
0120CZS230,9600,S,16,357,3,120,100,1,옥포JC-고령JC,0,101
0121CZE010,3280,E,361,379,2,121,100,1,무안공항IC-북무안IC,0,101
0121CZE020,5920,E,379,377,2,121,100,2,북무안IC-함평JC,0,101
0121CZE030,5680,E,377,359,2,121,100,3,함평JC-동함평IC,0,101
0121CZE040,5200,E,359,376,2,121,100,4,동함평IC-문평IC,0,101
0121CZE050,9900,E,376,360,2,121,100,5,문평IC-나주IC,0,101
0121CZE060,4000,E,360,469,2,121,100,6,나주IC-서광산IC,0,101
0121CZE070,2900,E,469,470,2,121,100,7,서광산IC-동광산TG,0,101
0121CZE080,4090,E,470,471,2,121,100,8,동광산TG-운수IC,0,101
0121CZS010,3280,S,379,361,2,121,100,8,북무안IC-무안공항IC,0,101
0121CZS020,5920,S,377,379,2,121,100,7,함평JC-북무안IC,0,101
0121CZS030,5680,S,359,377,2,121,100,6,동함평IC-함평JC,0,101
0121CZS040,5200,S,376,359,2,121,100,5,문평IC-동함평IC,0,101
0121CZS050,9900,S,360,376,2,121,100,4,나주IC-문평IC,0,101
0121CZS060,4000,S,469,360,2,121,100,3,서광산IC-나주IC,0,101
0121CZS070,2900,S,470,469,2,121,100,2,동광산TG-서광산IC,0,101
0121CZS080,4090,S,471,470,2,121,100,1,운수IC-동광산TG,0,101
0140CZE010,3000,E,373,468,2,140,100,1,고창JC-남고창IC,0,101
0140CZE020,9600,E,468,374,2,140,100,2,남고창IC-장성물류IC,0,101
0140CZE030,4520,E,374,375,2,140,100,3,장성물류IC-장성JC,0,101
0140CZE040,11810,E,375,380,2,140,100,4,장성JC-북광주IC,0,101
0140CZE050,7310,E,380,348,2,140,100,5,북광주IC-담양JC,0,101
0140CZE060,6060,E,348,347,2,140,100,6,담양JC-대덕JC,0,101
0140CZS010,3000,S,468,373,2,140,100,6,남고창IC-고창JC,0,101
0140CZS020,9600,S,374,468,2,140,100,5,장성물류IC-남고창IC,0,101
0140CZS030,4520,S,375,374,2,140,100,4,장성JC-장성물류IC,0,101
0140CZS040,11810,S,380,375,2,140,100,3,북광주IC-장성JC,0,101
0140CZS050,7310,S,348,380,2,140,100,2,담양JC-북광주IC,0,101
0140CZS060,6060,S,347,348,2,140,100,1,대덕JC-담양JC,0,101
0141CZE200,20540,E,1025,1026,2,141,100,1,밀양JC-배내골IC,0,101
0141CZE210,9080,E,1026,1027,2,141,100,2,배내골IC-서울주JC,0,101
0141CZE220,14630,E,1027,1028,2,141,100,3,서울주JC-울주JC,0,101
0141CZS200,20540,S,1026,1025,2,141,100,3,배내골IC-밀양JC,0,101
0141CZS210,9080,S,1027,1026,2,141,100,2,서울주JC-배내골IC,0,101
0141CZS220,14630,S,1028,1027,2,141,100,1,울주JCT-서울주JC,0,101
0150CZE005,260,E,492,192,2,150,110,1,서해안선시점-목포IC,0,101
0150CZE010,6000,E,192,193,2,150,110,2,목포IC-일로IC,0,101
0150CZE020,1040,E,193,208,2,150,110,3,일로IC-목포TG,0,101
0150CZE030,16240,E,208,194,2,150,110,4,목포TG-무안IC,0,101
0150CZE040,2460,E,194,377,2,150,110,5,무안IC-함평JC,0,101
0150CZE050,7810,E,377,195,2,150,110,6,함평JC-함평IC,0,101
0150CZE055,7850,E,195,1046,2,150,110,7,함평IC-불갑산하이패스IC,0,101
0150CZE060,16480,E,1046,201,2,150,110,8,불갑산하이패스IC-영광IC,0,101
0150CZE070,14790,E,201,373,2,150,110,9,영광IC-고창JC,0,101
0150CZE080,4010,E,373,178,2,150,110,10,고창JC-고창IC,0,101
0150CZE090,7910,E,178,180,2,150,110,11,고창IC-선운산IC,0,101
0150CZE100,9870,E,180,230,2,150,110,12,선운산IC-줄포IC,0,101
0150CZE110,16180,E,230,183,2,150,110,13,줄포IC-부안IC,0,101
0150CZE120,13930,E,183,187,2,150,110,14,부안IC-서김제IC,0,101
0150CZE130,12550,E,187,205,2,150,110,15,서김제IC-동군산IC,0,101
0150CZE140,8400,E,205,206,2,150,110,16,동군산IC-군산IC,0,101
0150CZE150,6220,E,206,417,2,150,110,17,군산IC-동서천JC,0,101
0150CZE160,8990,E,417,169,2,150,110,18,동서천JC-서천IC,0,101
0150CZE170,11910,E,169,88,2,150,110,19,서천IC-춘장대IC,0,101
0150CZE180,8710,E,88,86,2,150,110,20,춘장대IC-무창포IC,0,101
0150CZE190,11990,E,86,92,2,150,110,21,무창포IC-대천IC,0,101
0150CZE200,19720,E,92,94,2,150,110,22,대천IC-광천IC,0,101
0150CZE210,10800,E,94,45,2,150,110,23,광천IC-홍성IC,0,101
0150CZE220,13680,E,45,47,2,150,110,24,홍성IC-해미IC,0,101
0150CZE230,10720,E,47,51,2,150,110,25,해미IC-서산IC,0,101
0150CZE240,6580,E,51,53,2,150,110,26,서산IC-당진JC,0,101
0150CZE250,9370,E,53,54,3,150,110,27,당진JC-당진IC,0,101
0150CZE260,8070,E,54,55,3,150,110,28,당진IC-송악IC,0,101
0150CZE270,12640,E,55,299,3,150,110,29,송악IC-서평택IC,0,101
0150CZE280,6530,E,299,303,3,150,110,30,서평택IC-서평택JC,0,101
0150CZE290,7820,E,303,245,3,150,110,31,서평택JC-발안IC,0,101
0150CZE300,7870,E,245,1039,3,150,110,32,발안IC-팔탄JC,0,101
0150CZE305,5750,E,1039,240,3,150,110,33,팔탄JC-비봉IC,0,101
0150CZE310,4020,E,240,259,3,150,110,34,비봉IC-매송IC,0,101
0150CZE315,3800,E,259,490,3,150,100,35,매송IC-팔곡JC,0,101
0150CZE320,5120,E,490,319,3,150,100,36,팔곡JC-안산JC,0,101
0150CZE330,1410,E,319,330,3,150,100,37,안산JC-서서울TG,0,101
0150CZE340,1480,E,330,316,3,150,100,38,서서울TG-조남JC,0,101
0150CZE350,3160,E,316,315,3,150,100,39,조남JC-목감IC,0,101
0150CZE360,1150,E,315,278,4,150,100,40,목감IC-광명역IC,0,101
0150CZE370,2670,E,278,324,4,150,100,41,광명역IC-일직JC,0,101
0150CZE380,4200,E,324,231,2,150,100,42,일직JC-금천IC,0,101
0150CZE390,440,E,231,493,2,150,100,43,금천IC-서해안선종점,0,101
0150CZS005,260,S,192,492,2,150,110,43,목포IC-서해안선시점,0,101
0150CZS010,6000,S,193,192,2,150,110,42,일로IC-목포IC,0,101
0150CZS020,1040,S,208,193,2,150,110,41,목포TG-일로IC,0,101
0150CZS030,16240,S,194,208,2,150,110,40,무안IC-목포TG,0,101
0150CZS040,2460,S,377,194,2,150,110,39,함평JC-무안IC,0,101
0150CZS050,7810,S,195,377,2,150,110,38,함평IC-함평JC,0,101
0150CZS055,7850,S,1046,195,2,150,110,37,불갑산하이패스IC-함평IC,0,101
0150CZS060,16480,S,201,1046,2,150,110,36,영광IC-불갑산하이패스IC,0,101
0150CZS070,14790,S,373,201,2,150,110,35,고창JC-영광IC,0,101
0150CZS080,4010,S,178,373,2,150,110,34,고창IC-고창JC,0,101
0150CZS090,7910,S,180,178,2,150,110,33,선운산IC-고창IC,0,101
0150CZS100,9870,S,230,180,2,150,110,32,줄포IC-선운산IC,0,101
0150CZS110,16180,S,183,230,2,150,110,31,부안IC-줄포IC,0,101
0150CZS120,13930,S,187,183,2,150,110,30,서김제IC-부안IC,0,101
0150CZS130,12550,S,205,187,2,150,110,29,동군산IC-서김제IC,0,101
0150CZS140,8400,S,206,205,2,150,110,28,군산IC-동군산IC,0,101
0150CZS150,6220,S,417,206,2,150,110,27,동서천JC-군산IC,0,101
0150CZS160,8990,S,169,417,2,150,110,26,서천IC-동서천JC,0,101
0150CZS170,11910,S,88,169,2,150,110,25,춘장대IC-서천IC,0,101
0150CZS180,8710,S,86,88,2,150,110,24,무창포IC-춘장대IC,0,101
0150CZS190,11990,S,92,86,2,150,110,23,대천IC-무창포IC,0,101
0150CZS200,19720,S,94,92,2,150,110,22,광천IC-대천IC,0,101
0150CZS210,10800,S,45,94,2,150,110,21,홍성IC-광천IC,0,101
0150CZS220,13680,S,47,45,2,150,110,20,해미IC-홍성IC,0,101
0150CZS230,10720,S,51,47,2,150,110,19,서산IC-해미IC,0,101
0150CZS240,6580,S,53,51,2,150,110,18,당진JC-서산IC,0,101
0150CZS250,9370,S,54,53,3,150,110,17,당진IC-당진JC,0,101
0150CZS260,8070,S,55,54,3,150,110,16,송악IC-당진IC,0,101
0150CZS270,12640,S,299,55,3,150,110,15,서평택IC-송악IC,0,101
0150CZS280,6530,S,303,299,3,150,110,14,서평택JC-서평택IC,0,101
0150CZS290,7820,S,245,303,3,150,110,13,발안IC-서평택JC,0,101
0150CZS300,7870,S,1039,245,3,150,110,12,팔탄JC-발안IC,0,101
0150CZS305,5750,S,240,1039,3,150,110,11,비봉IC-팔탄JC,0,101
0150CZS310,4020,S,259,240,3,150,110,10,매송IC-비봉IC,0,101
0150CZS315,3800,S,490,259,3,150,100,9,팔곡JC-매송IC,0,101
0150CZS320,5120,S,319,490,3,150,100,8,안산JC-팔곡JC,0,101
0150CZS330,1410,S,330,319,3,150,100,7,서서울TG-안산JC,0,101
0150CZS340,1480,S,316,330,3,150,100,6,조남JC-서서울TG,0,101
0150CZS350,3160,S,315,316,3,150,100,5,목감IC-조남JC,0,101
0150CZS360,1150,S,278,315,4,150,100,4,광명역IC-목감IC,0,101
0150CZS370,2670,S,324,278,4,150,100,3,일직JC-광명역IC,0,101
0150CZS380,4200,S,231,324,2,150,100,2,금천IC-일직JC,0,101
0150CZS390,440,S,493,231,2,150,100,1,서해안선종점-금천IC,0,101
0153CZE010,10700,E,303,566,2,153,100,1,서평택JC-조암IC,0,109
0153CZE020,8500,E,566,1044,2,153,100,2,조암IC-마도JC,0,109
0153CZE025,3100,E,1044,567,2,153,100,3,마도JC-송산마도IC,0,109
0153CZE030,10600,E,567,1076,2,153,100,4,송산마도IC-남안산JC,0,109
0153CZE035,3300,E,1076,568,2,153,100,5,남안산JC-남안산IC,0,109
0153CZE040,3800,E,568,569,2,153,100,6,남안산IC-군자JC,0,109
0153CZS010,10700,S,566,303,2,153,100,6,조암IC-서평택JC,0,109
0153CZS020,8500,S,1044,566,2,153,100,5,마도JC-조암IC,0,109
0153CZS025,3100,S,567,1044,2,153,100,4,송산마도IC-마도JC,0,109
0153CZS030,10600,S,1076,567,2,153,100,3,남안산JC-송산마도IC,0,109
0153CZS035,3300,S,568,1076,2,153,100,2,남안산IC-남안산JC,0,109
0153CZS040,3800,S,569,568,2,153,100,1,군자JC-남안산IC,0,109
0160CZE010,12000,E,204,405,2,160,100,1,언양JC-울산JCT,0,101
0160CZE020,800,E,405,443,2,160,100,2,울산JCT-울산TG,0,101
0160CZE030,200,E,443,444,2,160,100,3,울산TG-울산IC,0,101
0160CZS010,12000,S,405,204,2,160,100,3,울산JCT-언양JC,0,101
0160CZS020,800,S,443,405,2,160,100,2,울산TG-울산JCT,0,101
0160CZS030,200,S,444,443,2,160,100,1,울산IC-울산TG,0,101
0170CZE010,2600,E,427,433,3,170,100,1,오성IC-평택JC,0,109
0170CZE020,2740,E,433,429,3,170,100,2,평택JC-어연IC,0,109
0170CZE030,1060,E,429,465,3,170,100,3,어연IC-북평택TG,0,109
0170CZE040,7350,E,465,430,3,170,100,4,북평택TG-향남IC,0,109
0170CZE050,5340,E,430,431,3,170,100,5,향남IC-서오산JC,0,109
0170CZE060,2730,E,431,425,3,170,100,6,서오산JC-정남IC,0,109
0170CZE070,1180,E,425,1034,3,170,100,7,정남IC-화성JC,0,109
0170CZE075,2000,E,1034,473,3,170,100,8,화성JC-봉담TG,0,109
0170CZE080,2630,E,473,424,3,170,100,9,봉담TG-봉담IC,0,109
0170CZE110,6300,E,424,585,2,170,100,10,봉담IC-금곡IC,0,109
0170CZE120,1700,E,585,586,3,170,100,11,금곡IC-동안산IC,0,109
0170CZE130,2600,E,586,587,3,170,100,12,동안산IC-남군포IC,0,109
0170CZE140,9400,E,587,588,3,170,100,13,남군포IC-동시흥JC,0,109
0170CZE150,12400,E,588,589,3,170,100,14,동시흥JC-남광명JC,0,109
0170CZE160,4800,E,589,590,2,170,100,15,남광명JC-소하IC,0,109
0170CZS010,2600,S,433,427,3,170,100,15,평택JC-오성IC,0,109
0170CZS020,2740,S,429,433,3,170,100,14,어연IC-평택JC,0,109
0170CZS030,1060,S,465,429,3,170,100,13,북평택TG-어연IC,0,109
0170CZS040,7350,S,430,465,3,170,100,12,향남IC-북평택TG,0,109
0170CZS050,5340,S,431,430,3,170,100,11,서오산JC-향남IC,0,109
0170CZS060,2730,S,425,431,3,170,100,10,정남IC-서오산JC,0,109
0170CZS070,1180,S,1034,425,3,170,100,9,화성JC-정남IC,0,109
0170CZS075,2000,S,473,1034,3,170,100,8,봉담TG-화성JC,0,109
0170CZS080,2630,S,424,473,3,170,100,7,봉담IC-봉담TG,0,109
0170CZS110,6300,S,585,424,2,170,100,6,금곡IC-봉담IC,0,109
0170CZS120,1700,S,586,585,3,170,100,5,동안산IC-금곡IC,0,109
0170CZS130,2600,S,587,586,3,170,100,4,남군포IC-동안산IC,0,109
0170CZS140,9400,S,588,587,3,170,100,3,동시흥JC-남군포IC,0,109
0170CZS150,12400,S,589,588,3,170,100,2,남광명JC-동시흥JC,0,109
0170CZS160,4800,S,590,589,2,170,100,1,소하IC-남광명JC,0,109
0171CZE010,6610,E,431,474,3,171,100,1,서오산JC-서오산TG,0,109
0171CZE020,350,E,474,434,3,171,100,2,서오산TG-안녕IC,0,109
0171CZS010,6610,S,474,431,3,171,100,2,서오산TG-서오산JC,0,109
0171CZS020,350,S,434,474,3,171,101,1,안녕IC-서오산TG,0,109
0172CZE010,1900,E,1014,1015,2,172,100,1,행주산성JC-봉대산JC,0,109
0172CZE020,1700,E,1015,1016,3,172,100,2,봉대산JC-흥도IC,0,109
0172CZE030,5600,E,1016,1017,3,172,100,3,흥도IC-고양JC,0,109
0172CZE040,2800,E,1017,1018,3,172,100,4,고양JC-사리현IC,0,109
0172CZE050,5550,E,1018,1019,3,172,100,5,사리현IC-북고양IC,0,109
0172CZE060,3550,E,1019,1020,2,172,100,6,북고양IC-금촌IC,0,109
0172CZE070,5300,E,1020,1021,2,172,100,7,금촌IC-월롱IC,0,109
0172CZE080,3800,E,1021,1022,2,172,100,8,월롱IC-산단IC,0,109
0172CZE090,2700,E,1022,1023,1,172,100,9,산단IC-내포IC,0,109
0172CZS010,1900,S,1015,1014,2,172,100,1,봉대산JC-행주산성JC,0,109
0172CZS020,1700,S,1016,1015,3,172,100,2,흥도IC-봉대산JC,0,109
0172CZS030,5600,S,1017,1016,3,172,100,3,고양JC-흥도IC,0,109
0172CZS040,2800,S,1018,1017,3,172,100,4,사리현IC-고양JC,0,109
0172CZS050,5550,S,1019,1018,3,172,100,5,북고양IC-사리현IC,0,109
0172CZS060,3550,S,1020,1019,2,172,100,6,금촌IC-북고양IC,0,109
0172CZS070,5300,S,1021,1020,2,172,100,7,월롱IC-금촌IC,0,109
0172CZS080,3800,S,1022,1021,2,172,100,8,산단IC-월롱IC,0,109
0172CZS090,2700,S,1023,1022,1,172,100,9,내포IC-산단IC,0,109
0173CZE010,2650,E,1024,1015,2,173,80,1,남고양IC-봉대산JC,0,109
0173CZS010,2650,S,1015,1024,2,173,80,1,봉대산JC-남고양IC,0,109
0200CZE050,20,E,504,18,2,200,100,1,팔공산IC-도동JC,0,101
0200CZE060,17980,E,18,112,2,200,100,2,도동JC-청통와촌IC,0,101
0200CZE070,8510,E,112,1008,2,200,100,3,청통와촌-화산JC,0,101
0200CZE075,2060,E,1008,111,2,200,100,4,화산JC-북영천IC,0,101
0200CZE080,9130,E,111,682,3,200,100,5,북영천IC-임고Hi,0,101
0200CZE085,21660,E,682,110,3,200,100,6,임고Hi-서포항IC,0,101
0200CZE090,9720,E,110,119,2,200,100,7,서포항IC-포항IC,0,101
0200CZS050,20,S,18,504,2,200,100,7,도동JC-팔공산IC,0,101
0200CZS060,17980,S,112,18,2,200,100,6,청통와촌IC-도동JC,0,101
0200CZS070,8510,S,1008,112,2,200,100,5,화산JC-청통와촌,0,101
0200CZS075,2060,S,111,1008,2,200,100,4,북영천IC-화산JC,0,101
0200CZS080,9130,S,682,111,3,200,100,3,임고Hi-북영천IC,0,101
0200CZS085,21660,S,110,682,3,200,100,2,서포항IC-임고Hi,0,101
0200CZS090,9720,S,119,110,2,200,100,1,포항IC-서포항IC,0,101
0201CZE010,7600,E,370,371,2,201,100,1,익산JC-완주IC,0,101
0201CZE020,2700,E,371,545,2,201,100,2,완주IC-완주JC,0,101
0201CZE025,6220,E,545,372,2,201,100,3,완주JC-소양IC,0,101
0201CZE030,26610,E,372,358,2,201,100,4,소양IC-진안IC,0,101
0201CZE040,15790,E,358,352,2,201,100,5,진안IC-장수IC,0,101
0201CZE050,1980,E,352,184,2,201,100,6,장수IC-장수JC,0,101
0201CZS010,7600,S,371,370,2,201,100,6,완주IC-익산JC,0,101
0201CZS020,2700,S,545,371,2,201,100,5,완주JC-완주IC,0,101
0201CZS025,6220,S,372,545,2,201,100,4,소양IC-완주JC,0,101
0201CZS030,26610,S,358,372,2,201,100,3,진안IC-소양IC,0,101
0201CZS040,15790,S,352,358,2,201,100,2,장수IC-진안IC,0,101
0201CZS050,1980,S,184,352,2,201,100,1,장수JC-장수IC,0,101
0251CZE010,10010,E,222,224,2,251,100,1,서순천IC-승주IC,0,101
0251CZE020,11810,E,224,223,2,251,100,2,승주IC-주암IC,0,101
0251CZE030,7420,E,223,226,2,251,100,3,주암IC-석곡IC,0,101
0251CZE040,12070,E,226,196,2,251,100,4,석곡IC-곡성IC,0,101
0251CZE050,11430,E,196,199,2,251,100,5,곡성IC-옥과IC,0,101
0251CZE060,7660,E,199,347,2,251,100,6,옥과IC-대덕JC,0,101
0251CZE070,3800,E,347,198,2,251,100,7,대덕JC-창평IC,0,101
0251CZE080,4120,E,198,197,2,251,100,8,창평IC-고서JC,0,101
0251CZE090,2980,E,197,228,2,251,100,9,고서JC-동광주TG,0,101
0251CZE100,1700,E,228,451,2,251,100,10,동광주TG-문흥JC,0,101
0251CZE110,1210,E,451,218,2,251,100,11,문흥JC-동광주IC,0,101
0251CZE120,2820,E,218,217,2,251,100,12,동광주IC-용봉IC,0,101
0251CZE130,1330,E,217,216,2,251,100,13,용봉IC-서광주IC,0,101
0251CZE140,2250,E,216,219,2,251,100,14,서광주IC-동림IC,0,101
0251CZE150,2390,E,219,452,2,251,100,15,동림IC-산월IC,0,101
0251CZE160,1960,E,452,220,2,251,100,16,산월IC-광산IC,0,101
0251CZE170,2000,E,220,608,2,251,100,17,광산IC-북광산IC,0,101
0251CZE175,3550,E,608,1066,2,251,100,18,북광산IC-남장성JC,0,101
0251CZE180,3150,E,1066,191,2,251,100,19,남장성JC-장성IC,0,101
0251CZE190,5340,E,191,375,2,251,100,20,장성IC-장성JC,0,101
0251CZE200,12060,E,375,202,2,251,100,21,장성JC-백양사IC,0,101
0251CZE210,9190,E,202,175,2,251,100,22,백양사IC-내장산IC,0,101
0251CZE220,8460,E,175,181,2,251,100,23,내장산IC-정읍IC,0,101
0251CZE230,12840,E,181,182,2,251,100,24,정읍IC-태인IC,0,101
0251CZE240,10550,E,182,185,2,251,100,25,태인IC-금산사IC,0,101
0251CZE250,4700,E,185,186,2,251,100,26,금산사IC-김제IC,0,101
0251CZE260,6600,E,186,190,2,251,100,27,김제IC-서전주IC,0,101
0251CZE270,6040,E,190,207,2,251,100,28,서전주IC-전주IC,0,101
0251CZE280,6030,E,207,382,2,251,100,29,전주IC-삼례IC,0,101
0251CZE290,2330,E,382,370,2,251,100,30,삼례IC-익산JC,0,101
0251CZE300,6000,E,370,189,2,251,100,31,익산JC-익산IC,0,101
0251CZE310,10420,E,189,170,2,251,100,32,익산IC-논산JC,0,101
0251CZS010,10010,S,224,222,2,251,100,32,승주IC-서순천IC,0,101
0251CZS020,11810,S,223,224,2,251,100,31,주암IC-승주IC,0,101
0251CZS030,7420,S,226,223,2,251,100,30,석곡IC-주암IC,0,101
0251CZS040,12070,S,196,226,2,251,100,29,곡성IC-석곡IC,0,101
0251CZS050,11430,S,199,196,2,251,100,28,옥과IC-곡성IC,0,101
0251CZS060,7660,S,347,199,2,251,100,27,대덕JC-옥과IC,0,101
0251CZS070,3800,S,198,347,2,251,100,26,창평IC-대덕JC,0,101
0251CZS080,4120,S,197,198,2,251,100,25,고서JC-창평IC,0,101
0251CZS090,2980,S,228,197,2,251,100,24,동광주TG-고서JC,0,101
0251CZS100,1700,S,451,228,2,251,100,23,문흥JC-동광주TG,0,101
0251CZS110,1210,S,218,451,2,251,100,22,동광주IC-문흥JC,0,101
0251CZS120,2820,S,217,218,2,251,100,21,용봉IC-동광주IC,0,101
0251CZS130,1330,S,216,217,2,251,100,20,서광주IC-용봉IC,0,101
0251CZS140,2250,S,219,216,2,251,100,19,동림IC-서광주IC,0,101
0251CZS150,2390,S,452,219,2,251,100,18,산월IC-동림IC,0,101
0251CZS160,1960,S,220,452,2,251,100,17,광산IC-산월IC,0,101
0251CZS170,2000,S,608,220,2,251,100,16,북광산IC-광산IC,0,101
0251CZS175,3550,S,1066,608,2,251,100,15,남장성JC-북광산IC,0,101
0251CZS180,3150,S,191,1066,2,251,100,14,장성IC-남장성JC,0,101
0251CZS190,5340,S,375,191,2,251,100,13,장성JC-장성IC,0,101
0251CZS200,12060,S,202,375,2,251,100,12,백양사IC-장성JC,0,101
0251CZS210,9190,S,175,202,2,251,100,11,내장산IC-백양사IC,0,101
0251CZS220,8460,S,181,175,2,251,100,10,정읍IC-내장산IC,0,101
0251CZS230,12840,S,182,181,2,251,100,9,태인IC-정읍IC,0,101
0251CZS240,10550,S,185,182,2,251,100,8,금산사IC-태인IC,0,101
0251CZS250,4700,S,186,185,2,251,100,7,김제IC-금산사IC,0,101
0251CZS260,6600,S,190,186,2,251,100,6,서전주IC-김제IC,0,101
0251CZS270,6040,S,207,190,2,251,100,5,전주IC-서전주IC,0,101
0251CZS280,6030,S,382,207,2,251,100,4,삼례IC-전주IC,0,101
0251CZS290,2330,S,370,382,2,251,100,3,익산JC-삼례IC,0,101
0251CZS300,6000,S,189,370,2,251,100,2,익산IC-익산JC,0,101
0251CZS310,10420,S,170,189,2,251,100,1,논산JC-익산IC,0,101
0252CZE010,8400,E,170,87,2,252,110,1,논산JC-연무IC,0,109
0252CZE020,8700,E,87,90,2,252,110,2,연무IC-서논산IC,0,109
0252CZE030,8500,E,90,91,2,252,110,3,서논산IC-탄천IC,0,109
0252CZE040,14500,E,91,93,2,252,110,4,탄천IC-남공주IC,0,109
0252CZE050,7000,E,93,422,2,252,110,5,남공주IC-공주JC,0,109
0252CZE060,2100,E,422,423,2,252,110,6,공주JC-북공주JC,0,109
0252CZE070,14000,E,423,46,2,252,110,7,북공주JC-정안IC,0,109
0252CZE080,12300,E,46,591,2,252,110,8,정안IC-남풍세IC,0,109
0252CZE085,4100,E,591,48,2,252,110,9,남풍세IC-남천안IC,0,109
0252CZE090,2500,E,48,50,2,252,110,10,남천안IC-천안JC,0,109
0252CZS010,8400,S,87,170,2,252,110,10,연무IC-논산JC,0,109
0252CZS020,8700,S,90,87,2,252,110,9,서논산IC-연무IC,0,109
0252CZS030,8500,S,91,90,2,252,110,8,탄천IC-서논산IC,0,109
0252CZS040,14500,S,93,91,2,252,110,7,남공주IC-탄천IC,0,109
0252CZS050,7000,S,422,93,2,252,110,6,공주JC-남공주IC,0,109
0252CZS060,2100,S,423,422,2,252,110,5,북공주JC-공주JC,0,109
0252CZS070,14000,S,46,423,2,252,110,4,정안IC-북공주JC,0,109
0252CZS080,12300,S,48,591,2,252,110,3,남풍세IC-정안IC,0,109
0252CZS085,4100,S,591,46,2,252,110,2,남천안IC-남풍세IC,0,109
0252CZS090,2500,S,50,48,2,252,110,1,천안JC-남천안IC,0,109
0270CZE010,510,E,546,534,2,270,100,1,순천완주선시점-동순천IC,0,101
0270CZE020,5120,E,534,535,2,270,100,2,동순천IC-순천JC,0,101
0270CZE030,19420,E,535,536,2,270,100,3,순천JC-황천IC,0,101
0270CZE040,12760,E,536,537,2,270,100,4,황천IC-구례화엄사IC,0,101
0270CZE050,14780,E,537,538,2,270,100,5,구례화엄사IC-서남원IC,0,101
0270CZE060,5680,E,538,539,2,270,100,6,서남원IC-남원JC,0,101
0270CZE070,3820,E,539,540,2,270,100,7,남원JC-북남원IC,0,101
0270CZE080,13680,E,540,541,2,270,100,8,북남원IC-오수IC,0,101
0270CZE090,9810,E,541,542,2,270,100,9,오수IC-임실IC,0,101
0270CZE100,17250,E,542,543,2,270,100,10,임실IC-상관IC,0,101
0270CZE110,10420,E,543,544,2,270,100,11,상관IC-동전주IC,0,101
0270CZE120,4530,E,544,545,2,270,100,12,동전주IC-완주JC,0,101
0270CZE130,220,E,545,547,2,270,100,13,완주JC-순천완주선종점,0,101
0270CZS010,510,S,534,546,2,270,100,13,동순천IC-순천완주선시점,0,101
0270CZS020,5120,S,535,534,2,270,100,12,순천JC-동순천IC,0,101
0270CZS030,19420,S,536,535,2,270,100,11,황천IC-순천JC,0,101
0270CZS040,12760,S,537,536,2,270,100,10,구례화엄사-황천IC,0,101
0270CZS050,14780,S,538,537,2,270,100,9,서남원IC-구례화엄사IC,0,101
0270CZS060,5680,S,539,538,2,270,100,8,남원JC-서남원IC,0,101
0270CZS070,3820,S,540,539,2,270,100,7,북남원IC-남원JC,0,101
0270CZS080,13680,S,541,540,2,270,100,6,오수IC-북남원IC,0,101
0270CZS090,9810,S,542,541,2,270,100,5,임실IC-오수IC,0,101
0270CZS100,17250,S,543,542,2,270,100,4,상관IC-임실IC,0,101
0270CZS110,10420,S,544,543,2,270,100,3,동전주IC-상관IC,0,101
0270CZS120,4530,S,545,544,2,270,100,2,완주JC-동전주IC,0,101
0270CZS130,220,S,547,545,2,270,100,1,순천완주선종점-완주JC,0,101
0290CZE010,5480,E,636,637,3,290,100,1,남구리IC-중랑IC,0,109
0290CZE020,7070,E,637,638,3,290,100,2,중랑IC-남별내IC,0,109
0290CZE030,6310,E,638,639,3,290,100,3,남별내IC-동의정부IC,0,109
0290CZE040,3310,E,639,640,3,290,100,4,동의정부IC-민락IC,0,109
0290CZE050,5480,E,640,641,3,290,100,5,민락IC-소흘IC,0,109
0290CZE060,2870,E,641,642,3,290,100,6,소흘IC-소흘JC,0,109
0290CZE070,4310,E,642,643,2,290,100,7,소흘JC-선단IC,0,109
0290CZE080,5470,E,643,644,2,290,100,8,선단IC-포천IC,0,109
0290CZE090,4300,E,644,645,2,290,100,9,포천IC-신북IC,0,109
0290CZS010,5480,S,637,636,3,290,100,9,중랑IC-남구리IC,0,109
0290CZS020,7070,S,638,637,3,290,100,8,남별내IC-중랑IC,0,109
0290CZS030,6310,S,639,638,3,290,100,7,동의정부IC-남별내IC,0,109
0290CZS040,3310,S,640,639,3,290,100,6,민락IC-동의정부IC,0,109
0290CZS050,5480,S,641,640,3,290,100,5,소흘IC-민락IC,0,109
0290CZS060,2870,S,642,641,3,290,100,4,소흘JC-소흘IC,0,109
0290CZS070,4310,S,643,642,2,290,100,3,선단IC-소흘JC,0,109
0290CZS080,5470,S,644,643,2,290,100,2,포천IC-선단IC,0,109
0290CZS090,4300,S,645,644,2,290,100,1,신북IC-포천IC,0,109
0300CZE130,8100,E,362,363,2,300,110,1,청주JC-문의청남대IC,0,101
0300CZE140,10700,E,363,364,2,300,110,2,문의청남대IC-회인IC,0,101
0300CZE150,10800,E,364,365,2,300,110,3,회인IC-보은IC,0,101
0300CZE160,6000,E,365,366,2,300,110,4,보은IC-속리산IC,0,101
0300CZE170,16200,E,366,367,2,300,110,5,속리산IC-화서IC,0,101
0300CZE180,19000,E,367,368,2,300,110,6,화서IC-남상주IC,0,101
0300CZE190,9100,E,368,369,2,300,110,7,남상주IC-낙동JC,0,101
0300CZE200,3350,E,369,610,2,300,100,8,낙동JC-상주JC,0,101
0300CZE210,2010,E,610,611,2,300,100,9,상주JC-동상주IC,0,101
0300CZE220,10890,E,611,612,2,300,100,10,동상주IC-서의성IC,0,101
0300CZE230,20020,E,612,613,2,300,100,11,서의성IC-안동JC,0,101
0300CZE240,6100,E,613,614,2,300,100,12,안동JC-북의성IC,0,101
0300CZE250,19160,E,614,615,2,300,100,13,북의성IC-동안동IC,0,101
0300CZE260,13150,E,615,616,2,300,100,14,동안동IC-청송IC,0,101
0300CZE270,9670,E,616,617,2,300,100,15,청송IC-영양IC,0,101
0300CZE280,26520,E,617,618,2,300,100,16,동청송영양IC-영덕IC,0,101
0300CZE290,2040,E,618,619,2,300,110,17,영덕IC-청주영덕선종점,0,101
0300CZS130,8100,S,363,362,2,300,110,18,문의청남대IC-청주JC,0,101
0300CZS140,10700,S,364,363,2,300,110,17,회인IC-문의청남대IC,0,101
0300CZS150,10800,S,365,364,2,300,110,16,보은IC-회인IC,0,101
0300CZS160,6000,S,366,365,2,300,110,15,속리산IC-보은IC,0,101
0300CZS170,7700,S,677,366,2,300,110,14,구병산Hi-속리산IC,0,101
0300CZS175,8500,S,367,677,2,300,80,13,화서IC-구병산Hi,0,101
0300CZS180,19000,S,368,367,2,300,110,12,남상주IC-화서IC,0,101
0300CZS190,9100,S,369,368,2,300,110,11,낙동JC-남상주IC,0,101
0300CZS200,3350,S,610,369,2,300,100,10,상주JC-낙동JC,0,101
0300CZS210,2010,S,611,610,2,300,100,9,동상주IC-상주JC,0,101
0300CZS220,10890,S,612,611,2,300,100,8,서의성IC-동상주IC,0,101
0300CZS230,20020,S,613,612,2,300,100,7,안동JC-서의성IC,0,101
0300CZS240,6100,S,614,613,2,300,100,6,북의성IC-안동JC,0,101
0300CZS250,19160,S,615,614,2,300,100,5,동안동IC-북의성IC,0,101
0300CZS260,13150,S,616,615,2,300,100,4,청송IC-동안동IC,0,101
0300CZS270,9670,S,617,616,2,300,100,3,영양IC-청송IC,0,101
0300CZS280,26520,S,618,617,2,300,100,2,영덕IC-동청송영양IC,0,101
0300CZS290,2040,S,619,618,2,300,110,1,청주영덕선종점-영덕IC,0,101
0301CZE010,4040,E,53,407,2,301,110,1,당진JC-면천IC,0,101
0301CZE020,8660,E,407,408,2,301,110,2,면천IC-고덕IC,0,101
0301CZE030,11680,E,408,409,2,301,110,3,고덕IC-예산수덕IC,0,101
0301CZE040,12510,E,409,410,2,301,110,4,예산수덕IC-신양IC,0,101
0301CZE050,10530,E,410,411,2,301,110,5,신양IC-유구IC,0,101
0301CZE060,9140,E,411,472,2,301,110,6,유구IC-마곡사IC,0,101
0301CZE070,3840,E,472,412,2,301,110,7,마곡사IC-서공주JC,0,101
0301CZE080,2620,E,412,422,2,301,110,8,서공주JC-공주JC,0,101
0301CZE090,2880,E,422,418,2,301,110,9,공주JC-공주IC,0,101
0301CZE100,6990,E,418,419,2,301,110,10,공주IC-서세종IC,0,101
0301CZE110,12560,E,419,420,2,301,110,11,서세종IC-남세종IC,0,101
0301CZE120,6410,E,420,421,2,301,110,12,남세종IC-유성JC,0,101
0301CZS010,4040,S,407,53,2,301,110,12,면천IC-당진JC,0,101
0301CZS020,8660,S,408,407,2,301,110,11,고덕IC-면천IC,0,101
0301CZS030,11680,S,409,408,2,301,110,10,예산수덕IC-고덕IC,0,101
0301CZS040,12510,S,410,409,2,301,110,9,신양IC-예산수덕IC,0,101
0301CZS050,10530,S,411,410,2,301,110,8,유구IC-신양IC,0,101
0301CZS060,9140,S,472,411,2,301,110,7,마곡사IC-유구IC,0,101
0301CZS070,3840,S,412,472,2,301,110,6,서공주JC-마곡사IC,0,101
0301CZS080,2620,S,422,412,2,301,110,5,공주JC-서공주JC,0,101
0301CZS090,2880,S,418,422,2,301,110,4,공주IC-공주JC,0,101
0301CZS100,6990,S,419,418,2,301,110,3,서세종IC-공주IC,0,101
0301CZS110,12560,S,420,419,2,301,110,2,남세종IC-서세종IC,0,101
0301CZS120,6410,S,421,420,2,301,110,1,유성JC-남세종IC,0,101
0320CZE010,6700,E,673,674,2,320,100,1,옥산JC-서오창IC,0,109
0320CZE020,4800,E,674,675,2,320,100,2,서오창IC-오창JC,0,109
0320CZS010,6700,S,674,673,2,320,100,2,서오창IC-옥산JC,0,109
0320CZS020,4800,S,675,674,2,320,100,1,오창JC-서오창IC,0,109
0321CZE010,8010,E,1072,1073,2,321,100,1,아산IC-아산현충사IC,0,101
0321CZE020,8840,E,1073,1074,2,321,100,2,아산현충사IC-서천안IC,0,101
0321CZE030,4130,E,1074,50,2,321,100,3,서천안IC-천안JC,0,101
0321CZS010,8010,S,1073,1072,2,321,100,3,아산현충사IC-아산IC,0,101
0321CZS020,8840,S,1074,1073,2,321,100,2,서천안IC-아산현충사IC,0,101
0321CZS030,4130,S,50,1074,2,321,100,1,천안JC-서천안IC,0,101
0330CZE010,2000,E,505,506,,3300,90,1,고잔TG-정왕IC,0,109
0330CZE020,1700,E,506,313,,3300,90,2,정왕IC-월곶JC,0,109
0330CZE030,4300,E,313,507,,3300,90,3,월곶JC-연성IC,0,109
0330CZE040,2750,E,507,508,,3300,90,4,연성IC-물왕TG,0,109
0330CZE050,1560,E,508,459,,3300,90,5,물왕TG-도리JC,0,109
0330CZE060,1960,E,459,315,,3300,90,6,도리JC-목감IC,0,109
0330CZS010,2000,S,506,505,,3300,90,6,정왕IC-고잔TG,0,109
0330CZS020,1700,S,313,506,,3300,90,5,월곶JC-정왕IC,0,109
0330CZS030,4300,S,507,313,,3300,90,4,연성IC-월곶JC,0,109
0330CZS040,2750,S,508,507,,3300,90,3,물왕TG-연성IC,0,109
0330CZS050,1560,S,459,508,,3300,90,2,도리JC-물왕TG,0,109
0330CZS060,1960,S,315,459,,3300,90,1,목감IC-도리JC,0,109
0351CZE010,4390,E,229,334,2,351,100,1,통영IC-북통영IC,0,101
0351CZE020,10170,E,334,335,2,351,100,2,북통영IC-동고성IC,0,101
0351CZE030,5170,E,335,336,2,351,100,3,동고성IC-고성IC,0,101
0351CZE040,17230,E,336,337,2,351,100,4,고성IC-연화산IC,0,101
0351CZE050,10930,E,337,133,2,351,100,5,연화산IC-진주JC,0,101
0351CZE060,7510,E,133,135,2,351,100,6,진주JC-서진주IC,0,101
0351CZE070,15490,E,135,151,2,351,100,7,서진주IC-단성IC,0,101
0351CZE080,18580,E,151,157,2,351,100,8,단성IC-산청IC,0,101
0351CZE090,7380,E,157,159,2,351,100,9,산청IC-생초IC,0,101
0351CZE100,8330,E,159,162,2,351,100,10,생초IC-함양JC,0,101
0351CZE110,6430,E,162,163,2,351,100,11,함양JC-지곡IC,0,101
0351CZE120,13880,E,163,164,2,351,100,12,지곡IC-서상IC,0,101
0351CZE130,9600,E,164,184,2,351,100,13,서상IC-장수JC,0,101
0351CZE140,14460,E,184,188,2,351,100,14,장수JC-덕유산IC,0,101
0351CZE150,16030,E,188,174,2,351,100,15,덕유산IC-무주IC,0,101
0351CZE160,19160,E,174,171,2,351,100,16,무주IC-금산IC,0,101
0351CZE170,11260,E,171,89,2,351,100,17,금산IC-추부IC,0,101
0351CZE180,8440,E,89,105,2,351,100,18,추부IC-남대전IC,0,101
0351CZE190,3290,E,105,106,2,351,100,19,남대전IC-산내JC,0,101
0351CZE200,4140,E,106,107,4,351,100,20,산내JC-판암IC,0,101
0351CZE210,1990,E,107,108,4,351,100,21,판암IC-비룡JC,0,101
0351CZS010,4390,S,334,229,2,351,100,21,북통영IC-통영IC,0,101
0351CZS020,10170,S,335,334,2,351,100,20,동고성IC-북통영IC,0,101
0351CZS030,5170,S,336,335,2,351,100,19,고성IC-동고성IC,0,101
0351CZS040,17230,S,337,336,2,351,100,18,연화산IC-고성IC,0,101
0351CZS050,10930,S,133,337,2,351,100,17,진주JC-연화산IC,0,101
0351CZS060,7510,S,135,133,2,351,100,16,서진주IC-진주JC,0,101
0351CZS070,15490,S,151,135,2,351,100,15,단성IC-서진주IC,0,101
0351CZS080,18580,S,157,151,2,351,100,14,산청IC-단성IC,0,101
0351CZS090,7380,S,159,157,2,351,100,13,생초IC-산청IC,0,101
0351CZS100,8330,S,162,159,2,351,100,12,함양JC-생초IC,0,101
0351CZS110,6430,S,163,162,2,351,100,11,지곡IC-함양JC,0,101
0351CZS120,13880,S,164,163,2,351,100,10,서상IC-지곡IC,0,101
0351CZS130,9600,S,184,164,2,351,100,9,장수JC-서상IC,0,101
0351CZS140,14460,S,188,184,2,351,100,8,덕유산IC-장수JC,0,101
0351CZS150,16030,S,174,188,2,351,100,7,무주IC-덕유산IC,0,101
0351CZS160,19160,S,171,174,2,351,100,6,금산IC-무주IC,0,101
0351CZS170,11260,S,89,171,2,351,100,5,추부IC-금산IC,0,101
0351CZS180,8440,S,105,89,2,351,100,4,남대전IC-추부IC,0,101
0351CZS190,3290,S,106,105,2,351,100,3,산내JC-남대전IC,0,101
0351CZS200,4140,S,107,106,4,351,100,2,판암IC-산내JC,0,101
0351CZS210,1990,S,108,107,4,351,100,1,비룡JC-판암IC,0,101
0352CZE280,6030,E,67,65,2,352,110,1,남이JC-서청주IC,0,101
0352CZE290,7460,E,65,64,2,352,110,2,서청주IC-오창IC,0,101
0352CZE300,3910,E,64,675,2,352,110,3,오창IC-오창JC,0,101
0352CZE305,4470,E,675,63,2,352,110,4,오창JC-증평IC,0,101
0352CZE310,11930,E,63,62,2,352,110,5,증평IC-진천IC,0,101
0352CZE320,8500,E,62,456,2,352,110,6,진천IC-대소JC,0,101
0352CZE330,4190,E,456,60,2,352,110,7,대소JC-대소IC,0,101
0352CZE340,4510,E,60,662,2,352,110,8,대소IC-삼성Hi,0,101
0352CZE345,8400,E,662,246,2,352,110,9,삼성Hi-일죽IC,0,101
0352CZE350,10600,E,246,584,2,352,110,10,일죽IC-남이천IC,0,101
0352CZE355,6110,E,584,243,2,352,110,11,남이천IC-호법JC,0,101
0352CZE360,2380,E,243,264,4,352,110,12,호법JC-마장JC,0,101
0352CZE370,3310,E,264,266,2,352,110,13,마장JC-서이천IC,0,101
0352CZE380,2300,E,266,678,2,352,110,14,서이천IC-신둔Hi,0,101
0352CZE383,2300,E,678,691,2,352,110,15,신둔Hi-곤지암JC,0,101
0352CZE384,6110,E,691,257,2,352,100,16,곤지암JC-곤지암IC,0,109
0352CZE385,4090,E,257,596,2,352,110,17,곤지암IC-경기광주JC,0,101
0352CZE390,8030,E,596,255,2,352,110,18,경기광주JC-경기광주IC,0,101
0352CZE400,4940,E,255,265,2,352,110,19,경기광주IC-산곡JC,0,101
0352CZE410,4230,E,265,475,4,352,110,20,산곡JC-동서울TG,0,101
0352CZE420,1000,E,475,260,4,352,110,21,동서울TG-하남IC,0,101
0352CZE430,2390,E,260,253,4,352,110,22,하남IC-하남JC,0,101
0352CZS280,6030,S,65,67,2,352,110,21,서청주IC-남이JC,0,101
0352CZS290,7460,S,64,65,2,352,110,20,오창IC-서청주IC,0,101
0352CZS300,3910,S,675,64,2,352,110,19,오창JC-오창IC,0,101
0352CZS305,4470,S,63,675,2,352,110,18,증평IC-오창JC,0,101
0352CZS310,11930,S,62,63,2,352,110,17,진천IC-증평IC,0,101
0352CZS320,8500,S,456,62,2,352,110,16,대소JC-진천IC,0,101
0352CZS330,4190,S,60,456,2,352,110,15,대소IC-대소JC,0,101
0352CZS340,4510,S,662,60,2,352,110,14,삼성Hi-대소IC,0,101
0352CZS345,8400,S,246,662,2,352,110,13,일죽IC-삼성Hi,0,101
0352CZS350,10600,S,584,246,2,352,110,12,남이천IC-일죽IC,0,101
0352CZS355,6110,S,243,584,2,352,110,11,호법JC-남이천IC,0,101
0352CZS360,2380,S,264,243,4,352,110,10,마장JC-호법JC,0,101
0352CZS370,3310,S,266,264,2,352,110,9,서이천IC-마장JC,0,101
0352CZS380,4600,S,691,266,2,352,110,8,곤지암JC-서이천IC,0,101
0352CZS383,6110,S,257,691,2,352,100,7,곤지암IC-곤지암JC,0,109
0352CZS385,4090,S,596,257,2,352,110,6,경기광주JC-곤지암IC,0,101
0352CZS390,8030,S,255,596,2,352,110,5,경기광주IC-경기광주JC,0,101
0352CZS400,4940,S,265,255,2,352,110,4,산곡JC-경기광주IC,0,101
0352CZS410,4230,S,475,265,4,352,110,3,동서울TG-산곡JC,0,101
0352CZS420,1000,S,260,475,4,352,110,2,하남IC-동서울TG,0,101
0352CZS430,2390,S,253,260,4,352,110,1,하남JC-하남IC,0,101
0370CZE010,3900,E,264,482,2,370,110,1,마장JC-서이천IC,0,101
0370CZE020,1700,E,482,678,2,370,110,2,서이천IC-신둔Hi,0,101
0370CZE023,8400,E,678,483,2,370,80,3,신둔Hi-곤지암IC,0,101
0370CZE025,3600,E,483,596,2,370,110,4,곤지암IC-경기광주JC,0,101
0370CZE030,3200,E,596,484,2,370,110,5,경기광주JC-신월천교,0,101
0370CZE040,5300,E,484,485,2,370,110,6,신월천교-천진암교,0,101
0370CZE050,4150,E,485,265,2,370,110,7,천진암교-산곡JC,0,101
0370CZS010,3900,S,482,264,2,370,110,6,서이천IC-마장JC,0,101
0370CZS020,10100,S,483,482,2,370,110,5,곤지암IC-서이천IC,0,101
0370CZS025,3600,S,596,483,2,370,110,4,경기광주JC-곤지암IC,0,101
0370CZS030,3200,S,484,596,2,370,110,3,경기광주JC-신월천교,0,101
0370CZS040,5300,S,485,484,2,370,110,2,천진암교-신월천교,0,101
0370CZS050,4150,S,265,485,2,370,110,1,산곡JC-천진암교,0,101
0400CZE010,2800,E,303,302,3,400,100,1,서평택JC-청북IC,0,101
0400CZE020,5200,E,302,433,3,400,100,2,청북IC-평택JC,0,101
0400CZE030,5700,E,433,679,3,400,100,3,평택JC-평택고덕IC,0,101
0400CZE035,7170,E,679,301,3,400,100,4,평택고덕IC-송탄IC,0,101
0400CZE040,2830,E,301,300,4,400,100,5,송탄IC-안성JC,0,101
0400CZE050,1980,E,300,261,2,400,100,6,안성JC-서안성IC,0,101
0400CZE060,10210,E,261,353,2,400,100,7,서안성IC-남안성IC,0,101
0400CZE070,19510,E,353,466,2,400,100,8,남안성IC-북진천IC,0,101
0400CZE080,2500,E,466,456,2,400,100,9,북진천IC-대소JC,0,101
0400CZE090,7200,E,456,574,2,400,100,10,대소JC-금왕꽃동네IC,0,101
0400CZE095,7310,E,574,571,2,400,100,11,금왕꽃동네IC-음성IC,0,101
0400CZE100,5400,E,571,572,2,400,100,12,음성IC-서충주IC,0,101
0400CZE110,7680,E,572,573,2,400,100,13,서충주IC-충주JC,0,101
0400CZE120,5370,E,573,575,2,400,100,14,충주JC-노은JC,0,101
0400CZE130,12330,E,575,576,2,400,100,15,노은JC-동충주IC,0,101
0400CZE140,23720,E,576,578,2,400,100,16,동충주IC-제천JC,0,101
0400CZS010,2800,S,302,303,3,400,100,16,청북IC-서평택JC,0,101
0400CZS020,5200,S,433,302,3,400,100,15,평택JC-청북IC,0,101
0400CZS030,5700,S,679,433,3,400,100,14,평택고덕IC-평택JC,0,101
0400CZS035,7170,S,301,679,3,400,100,13,송탄IC-평택고덕IC,0,101
0400CZS040,2830,S,300,301,4,400,100,12,안성JC-송탄IC,0,101
0400CZS050,1980,S,261,300,2,400,100,11,서안성IC-안성JC,0,101
0400CZS060,10210,S,353,261,2,400,100,10,남안성IC-서안성IC,0,101
0400CZS070,19510,S,466,353,2,400,100,9,북진천IC-남안성IC,0,101
0400CZS080,2500,S,456,466,2,400,100,8,대소JC-북진천IC,0,101
0400CZS090,7200,S,574,456,2,400,100,7,금왕꽃동네IC-대소JC,0,101
0400CZS095,7310,S,571,574,2,400,100,6,음성IC-금왕꽃동네IC,0,101
0400CZS100,5400,S,572,571,2,400,100,5,서충주IC-음성IC,0,101
0400CZS110,7680,S,573,572,2,400,100,4,충주JC-서충주IC,0,101
0400CZS120,5370,S,575,573,2,400,100,3,노은JC-충주JC,0,101
0400CZS130,12330,S,576,575,2,400,100,2,동충주IC-노은JC,0,101
0400CZS140,23720,S,578,576,2,400,100,1,제천JC-동충주IC,0,101
0450CZE010,2700,E,144,502,2,450,100,1,내서JC-칠원TG,0,101
0450CZE015,790,E,502,148,2,450,100,2,칠원TG-칠원JC,0,101
0450CZE020,5180,E,148,153,2,450,100,3,칠원JC-칠서IC,0,101
0450CZE030,8840,E,153,156,2,450,100,4,칠서IC-남지IC,0,101
0450CZE040,6890,E,156,158,2,450,100,5,남지IC-영산IC,0,101
0450CZE050,11570,E,158,125,2,450,100,6,영산IC-창녕IC,0,101
0450CZE060,16410,E,125,354,2,450,100,7,창녕IC-현풍JC,0,101
0450CZE070,10700,E,354,357,2,450,100,8,현풍JC-고령JC,0,101
0450CZE080,10620,E,357,356,2,450,100,9,고령JC-남성주IC,0,101
0450CZE090,11910,E,356,378,2,450,100,10,남성주IC-성주IC,0,101
0450CZE100,16710,E,378,355,2,450,100,11,성주IC-남김천IC,0,101
0450CZE110,12150,E,355,80,2,450,100,12,남김천IC-김천JC,0,101
0450CZE120,8920,E,80,83,2,450,100,13,김천JC-선산IC,0,101
0450CZE130,15810,E,83,369,2,450,100,14,선산IC-낙동JC,0,101
0450CZE140,7200,E,369,79,2,450,110,15,낙동JC-상주IC,0,101
0450CZE150,13040,E,79,40,2,450,110,16,상주IC-북상주IC,0,101
0450CZE160,7460,E,40,39,2,450,110,17,북상주IC-점촌함창IC,0,101
0450CZE170,13980,E,39,38,2,450,110,18,점촌함창IC-문경새재IC,0,101
0450CZE180,14630,E,38,69,2,450,110,19,문경새재IC-연풍IC,0,101
0450CZE190,14190,E,69,70,2,450,110,20,연풍IC-괴산IC,0,101
0450CZE200,14910,E,70,72,2,450,110,21,괴산IC-충주IC,0,101
0450CZE210,5010,E,72,683,2,450,110,22,충주IC-중앙탑Hi,0,101
0450CZE215,4160,E,683,71,2,450,110,23,중앙탑Hi-북충주IC,0,101
0450CZE220,5220,E,71,573,2,450,110,24,북충주IC-충주JC,0,101
0450CZE225,12090,E,573,57,2,450,100,25,충주JC-감곡IC,0,101
0450CZE230,14530,E,57,262,2,450,110,26,감곡IC-여주JC,0,101
0450CZE240,2340,E,262,570,2,450,110,27,여주JC-남여주IC,0,101
0450CZE245,5440,E,570,488,2,450,110,28,남여주IC-서여주IC,0,101
0450CZE250,9200,E,488,489,2,450,110,29,서여주IC-북여주IC,0,101
0450CZE260,14100,E,489,653,2,450,110,30,북여주IC-남양평Hi,0,101
0450CZE270,5010,E,653,565,2,450,100,31,남양평Hi-양평IC,0,101
0450CZS010,2700,S,502,144,2,450,100,31,칠원TG-내서JC,0,101
0450CZS015,790,S,148,502,2,450,100,30,칠원JC-칠원TG,0,101
0450CZS020,5180,S,153,148,2,450,100,29,칠서IC-칠원JC,0,101
0450CZS030,8840,S,156,153,2,450,100,28,남지IC-칠서IC,0,101
0450CZS040,6890,S,158,156,2,450,100,27,영산IC-남지IC,0,101
0450CZS050,11570,S,125,158,2,450,100,26,창녕IC-영산IC,0,101
0450CZS060,16410,S,354,125,2,450,100,25,현풍JC-창녕IC,0,101
0450CZS070,10700,S,357,354,2,450,100,24,고령JC-현풍JC,0,101
0450CZS080,10620,S,356,357,2,450,100,23,남성주IC-고령JC,0,101
0450CZS090,11910,S,378,356,2,450,100,22,성주IC-남성주IC,0,101
0450CZS100,16710,S,355,378,2,450,100,21,남김천IC-성주IC,0,101
0450CZS110,12150,S,80,355,2,450,100,20,김천JC-남김천IC,0,101
0450CZS120,8920,S,83,80,2,450,100,19,선산IC-김천JC,0,101
0450CZS130,15810,S,369,83,2,450,100,18,낙동JC-선산IC,0,101
0450CZS140,7200,S,79,369,2,450,110,17,상주IC-낙동JC,0,101
0450CZS150,13040,S,40,79,2,450,110,16,북상주IC-상주IC,0,101
0450CZS160,7460,S,39,40,2,450,110,15,점촌함창IC-북상주IC,0,101
0450CZS170,13980,S,38,39,2,450,110,14,문경새재IC-점촌함창IC,0,101
0450CZS180,14630,S,69,38,2,450,110,13,연풍IC-문경새재IC,0,101
0450CZS190,14190,S,70,69,2,450,110,12,괴산IC-연풍IC,0,101
0450CZS200,14910,S,72,70,2,450,110,11,충주IC-괴산IC,0,101
0450CZS210,5010,S,683,72,2,450,110,10,중앙탑Hi-충주IC,0,101
0450CZS215,4160,S,71,683,2,450,110,9,북충주IC-중앙탑Hi,0,101
0450CZS220,5220,S,573,71,2,450,110,8,충주JC-북충주IC,0,101
0450CZS225,12090,S,57,573,2,450,100,7,감곡IC-충주JC,0,101
0450CZS230,14530,S,262,57,2,450,110,6,여주JC-감곡IC,0,101
0450CZS240,2340,S,570,262,2,450,110,5,남여주IC-여주JC,0,101
0450CZS245,5440,S,488,570,2,450,110,4,서여주IC-남여주IC,0,101
0450CZS250,9200,S,489,488,2,450,110,3,북여주IC-서여주IC,0,101
0450CZS260,14100,S,653,489,2,450,110,2,남양평Hi-북여주IC,0,101
0450CZS270,5010,S,565,653,2,450,100,1,양평IC-남양평Hi,0,101
0500CZE005,560,E,494,287,3,500,100,1,영동고속국도시점-서창JC,0,101
0500CZE010,4440,E,287,313,3,500,100,2,서창JC-월곶JC,0,101
0500CZE020,2960,E,313,569,3,500,100,3,월곶JC-군자JC,0,101
0500CZE025,2080,E,569,314,3,500,100,4,군자JC-군자TG,0,101
0500CZE030,2500,E,314,317,3,500,100,5,군자TG-서안산IC,0,101
0500CZE040,3330,E,317,318,3,500,100,6,서안산IC-안산IC,0,101
0500CZE050,1230,E,318,319,3,500,100,7,안산IC-안산JC,0,101
0500CZE060,5600,E,319,503,3,500,100,8,안산JC-둔대JC,0,101
0500CZE065,1720,E,503,322,3,500,100,9,둔대JC-군포IC,0,101
0500CZE070,1390,E,322,321,3,500,100,10,군포IC-동군포IC,0,101
0500CZE080,2150,E,321,258,3,500,100,11,동군포IC-부곡IC,0,101
0500CZE090,2840,E,258,269,3,500,100,12,부곡IC-북수원IC,0,101
0500CZE100,6090,E,269,268,3,500,100,13,북수원IC-동수원IC,0,101
0500CZE110,4900,E,268,309,3,500,100,14,동수원IC-신갈JC,0,101
0500CZE120,6620,E,309,304,3,500,100,15,신갈JC-마성IC,0,101
0500CZE130,1590,E,304,688,3,500,100,16,마성IC-서용인JC,0,101
0500CZE135,2510,E,688,306,3,500,100,17,서용인JC-용인IC,0,109
0500CZE140,7960,E,306,307,3,500,100,18,용인IC-양지IC,0,101
0500CZE150,7100,E,307,242,3,500,100,19,양지IC-덕평IC,0,101
0500CZE160,5720,E,242,243,3,500,100,20,덕평IC-호법JC,0,101
0500CZE170,6340,E,243,241,4,500,100,21,호법JC-이천IC,0,101
0500CZE180,8660,E,241,262,4,500,100,22,이천IC-여주JC,0,101
0500CZE190,6180,E,262,239,2,500,100,23,여주JC-여주IC,0,101
0500CZE200,19980,E,239,73,2,500,100,24,여주IC-문막IC,0,101
0500CZE210,9150,E,73,75,2,500,100,25,문막IC-만종JC,0,101
0500CZE220,3800,E,75,604,2,500,100,26,만종JC-원주JC,0,101
0500CZE225,2800,E,604,76,2,500,100,27,원주JC-원주IC,0,101
0500CZE230,12730,E,76,28,2,500,100,28,원주IC-새말IC,0,101
0500CZE240,17080,E,28,29,2,500,100,29,새말IC-둔내IC,0,101
0500CZE250,7290,E,29,654,2,500,100,30,둔내IC-동둔내Hi,0,101
0500CZE255,9300,E,654,31,2,500,100,31,동둔내Hi-면온IC,0,101
0500CZE260,6090,E,31,32,2,500,100,32,면온IC-평창IC,0,101
0500CZE270,9160,E,32,33,2,500,100,33,평창IC-속사IC,0,101
0500CZE280,7140,E,33,34,2,500,100,34,속사IC-진부IC,0,101
0500CZE290,12850,E,34,36,2,500,100,35,진부IC-대관령IC,0,101
0500CZE300,22560,E,36,24,2,500,100,36,대관령IC-강릉JC,0,101
0500CZS005,560,S,287,494,3,500,100,36,서창JC-영동고속국도시점,0,101
0500CZS010,4440,S,313,287,3,500,100,35,월곶JC-서창JC,0,101
0500CZS020,2960,S,569,313,3,500,100,34,군자TG-월곶JC,0,101
0500CZS025,2080,S,314,569,3,500,100,33,군자TG-군자JC,0,101
0500CZS030,2500,S,317,314,3,500,100,32,서안산IC-군자TG,0,101
0500CZS040,3330,S,318,317,3,500,100,31,안산IC-서안산IC,0,101
0500CZS050,1230,S,319,318,3,500,100,30,안산JC-안산IC,0,101
0500CZS060,5600,S,503,319,3,500,100,29,둔대JC-안산JC,0,101
0500CZS065,1720,S,322,503,3,500,100,28,군포IC-둔대JC,0,101
0500CZS070,1390,S,321,322,3,500,100,27,동군포IC-군포IC,0,101
0500CZS080,2150,S,258,321,3,500,100,26,부곡IC-동군포IC,0,101
0500CZS090,2840,S,269,258,3,500,100,25,북수원IC-부곡IC,0,101
0500CZS100,6090,S,268,269,3,500,100,24,동수원IC-북수원IC,0,101
0500CZS110,4900,S,309,268,3,500,100,23,신갈JC-동수원IC,0,101
0500CZS120,6620,S,304,309,3,500,100,22,마성IC-신갈JC,0,101
0500CZS130,1590,S,688,304,3,500,100,21,서용인JC-마성IC,0,101
0500CZS135,2510,S,306,688,3,500,100,20,용인IC-서용인JC,0,109
0500CZS140,7960,S,307,306,3,500,100,19,양지IC-용인IC,0,101
0500CZS150,7100,S,242,307,3,500,100,18,덕평IC-양지IC,0,101
0500CZS160,5720,S,243,242,3,500,100,17,호법JC-덕평IC,0,101
0500CZS170,6340,S,241,243,4,500,100,16,이천IC-호법JC,0,101
0500CZS180,8660,S,262,241,4,500,100,15,여주JC-이천IC,0,101
0500CZS190,6180,S,239,262,2,500,100,14,여주IC-여주JC,0,101
0500CZS200,19980,S,73,239,2,500,100,13,문막IC-여주IC,0,101
0500CZS210,9150,S,75,73,2,500,100,12,만종JC-문막IC,0,101
0500CZS220,3800,S,604,75,2,500,100,11,원주JC-만종JC,0,101
0500CZS225,2800,S,76,604,2,500,100,10,원주IC-원주JC,0,101
0500CZS230,12730,S,28,76,2,500,100,9,새말IC-원주IC,0,101
0500CZS240,17080,S,29,28,2,500,80,8,둔내IC-새말IC,0,101
0500CZS250,7290,S,654,29,2,500,100,7,동둔내Hi-둔내IC,0,101
0500CZS255,9300,S,31,654,2,500,100,6,면온IC-동둔내Hi,0,101
0500CZS260,6090,S,32,31,2,500,100,5,평창IC-면온IC,0,101
0500CZS270,9160,S,33,32,2,500,100,4,속사IC-평창IC,0,101
0500CZS280,7140,S,34,33,2,500,100,3,진부IC-속사IC,0,101
0500CZS290,12850,S,36,34,2,500,100,2,대관령IC-진부IC,0,101
0500CZS300,22560,S,24,36,2,500,100,1,강릉JC-대관령IC,0,101
0520CZE090,4400,E,596,609,2,520,100,1,경기광주JC-곤지암1터널,0,109
0520CZE100,3900,E,609,597,4,520,100,2,곤지암1터널-동곤지암IC,0,109
0520CZE110,10200,E,597,598,4,520,100,3,동곤지암IC-흥천이포IC,0,109
0520CZE120,6000,E,598,599,4,520,100,4,흥천이포IC-대신IC,0,109
0520CZE130,8600,E,599,600,4,520,100,5,대신IC-동여주IC,0,109
0520CZE140,7200,E,600,601,4,520,100,6,동여주IC-동양평IC,0,109
0520CZE150,8400,E,601,602,4,520,100,7,동양평IC-서원주IC,0,109
0520CZE160,4100,E,602,603,4,520,100,8,서원주IC-신평JC,0,109
0520CZE170,4100,E,603,604,4,520,100,9,신평JC-원주JC,0,109
0520CZS090,4400,S,609,596,2,520,100,9,곤지암1터널-경기광주JC,0,109
0520CZS100,3900,S,597,609,4,520,100,8,동곤지암IC-곤지암1터널,0,109
0520CZS110,10200,S,598,597,4,520,100,7,흥천이포IC-동곤지암IC,0,109
0520CZS120,6000,S,599,598,4,520,100,6,대신IC-흥천이포IC,0,109
0520CZS130,8600,S,600,599,4,520,100,5,동여주IC-대신IC,0,109
0520CZS140,7200,S,601,600,4,520,100,4,동양평IC-동여주IC,0,109
0520CZS150,8400,S,602,601,4,520,100,3,서원주IC-동양평IC,0,109
0520CZS160,4100,S,603,602,4,520,100,2,신평JC-서원주IC,0,109
0520CZS170,4100,S,604,603,4,520,100,1,원주JC-신평JC,0,109
0550CZE010,2940,E,5,3,2,550,100,1,삼락IC-대저JC,0,101
0550CZE020,1360,E,3,448,2,550,100,2,대저JC-초정IC,0,101
0550CZE030,2350,E,448,209,2,550,100,3,초정IC-대동IC,0,101
0550CZE040,3270,E,209,667,2,550,100,4,대동IC-대감JC,0,101
0550CZE050,1230,E,667,147,2,550,100,5,대감JC-대동JC,0,101
0550CZE130,4860,E,13,11,2,550,100,6,금호JC-칠곡IC,0,101
0550CZE140,5200,E,11,1054,2,550,100,7,칠곡IC-동명동호IC,0,101
0550CZE145,8700,E,1054,118,2,550,100,8,동명동호IC-다부IC,0,101
0550CZE150,6280,E,118,121,2,550,100,9,다부IC-가산IC,0,101
0550CZE160,7740,E,121,1005,2,550,100,10,가산IC-군위JC,0,101
0550CZE165,4370,E,1005,81,2,550,100,11,군위JC-군위IC,0,101
0550CZE170,11000,E,81,84,2,550,100,12,군위IC-의성IC,0,101
0550CZE180,17950,E,84,613,2,550,100,13,의성IC-안동JC,0,101
0550CZE185,4780,E,613,85,2,550,100,14,안동JC-남안동IC,0,101
0550CZE190,15000,E,85,41,2,550,100,15,남안동IC-서안동IC,0,101
0550CZE200,13300,E,41,42,2,550,100,16,서안동IC-예천IC,0,101
0550CZE210,12100,E,42,43,2,550,100,17,예천IC-영주IC,0,101
0550CZE220,10200,E,43,44,2,550,100,18,영주IC-풍기IC,0,101
0550CZE230,16980,E,44,61,2,550,100,19,풍기IC-단양IC,0,101
0550CZE240,14190,E,61,59,2,550,100,20,단양IC-북단양IC,0,101
0550CZE250,11970,E,59,58,2,550,100,21,북단양IC-남제천IC,0,101
0550CZE260,1220,E,58,578,2,550,100,22,남제천IC-제천JC,0,101
0550CZE265,7080,E,578,56,2,550,100,23,제천JC-제천IC,0,101
0550CZE270,12820,E,56,78,2,550,100,24,제천IC-신림IC,0,101
0550CZE280,19260,E,78,74,2,550,80,25,신림IC-남원주IC,0,101
0550CZE290,4760,E,74,75,2,550,100,26,남원주IC-만종JC,0,101
0550CZE300,2040,E,75,603,2,550,100,27,만종JC-신평JC,0,101
0550CZE305,5240,E,603,77,2,550,100,28,신평JC-북원주IC,0,101
0550CZE310,10710,E,77,30,2,550,100,29,북원주IC-횡성IC,0,101
0550CZE320,25980,E,30,35,2,550,100,30,횡성IC-홍천IC,0,101
0550CZE330,10370,E,35,109,2,550,100,31,홍천IC-춘천JC,0,101
0550CZE340,12400,E,109,501,2,550,100,32,춘천JC-춘천TG,0,101
0550CZE345,2000,E,501,495,2,550,100,33,춘천TG-춘천IC,0,101
0550CZE350,50,E,495,457,2,550,100,34,춘천IC-중앙고속국도종점,0,101
0550CZS010,2940,S,3,5,2,550,100,34,대저JC-삼락IC,0,101
0550CZS020,1360,S,448,3,2,550,100,33,초정IC-대저JC,0,101
0550CZS030,2350,S,209,448,2,550,100,32,대동IC-초정IC,0,101
0550CZS040,3270,S,667,209,2,550,100,31,대감JC-대동IC,0,101
0550CZS050,1230,S,147,667,2,550,100,30,대동JC-대감JC,0,101
0550CZS130,4860,S,11,13,2,550,100,29,칠곡IC-금호JC,0,101
0550CZS140,5200,S,1054,11,2,550,100,28,동명동호IC-칠곡IC,0,101
0550CZS145,8700,S,118,1054,2,550,100,27,다부IC-동명동호IC,0,101
0550CZS150,6280,S,121,118,2,550,100,26,가산IC-다부IC,0,101
0550CZS160,7740,S,1005,121,2,550,100,25,군위JC-가산IC,0,101
0550CZS165,4370,S,81,1005,2,550,100,24,군위IC-군위JC,0,101
0550CZS170,11000,S,84,81,2,550,100,23,의성IC-군위IC,0,101
0550CZS180,17950,S,613,84,2,550,100,22,안동JC-의성IC,0,101
0550CZS185,4780,S,85,613,2,550,100,21,남안동IC-안동JC,0,101
0550CZS190,15000,S,41,85,2,550,100,20,서안동IC-남안동IC,0,101
0550CZS200,13300,S,42,41,2,550,100,19,예천IC-서안동IC,0,101
0550CZS210,12100,S,43,42,2,550,100,18,영주IC-예천IC,0,101
0550CZS220,10200,S,44,43,2,550,100,17,풍기IC-영주IC,0,101
0550CZS230,16980,S,61,44,2,550,100,16,단양IC-풍기IC,0,101
0550CZS240,14190,S,59,61,2,550,100,15,북단양IC-단양IC,0,101
0550CZS250,11970,S,58,59,2,550,100,14,남제천IC-북단양IC,0,101
0550CZS260,1220,S,578,58,2,550,100,13,제천JC-남제천IC,0,101
0550CZS265,7080,S,56,578,2,550,100,12,제천IC-제천JC,0,101
0550CZS270,12820,S,78,56,2,550,100,11,신림IC-제천IC,0,101
0550CZS280,19260,S,74,78,2,550,100,10,남원주IC-신림IC,0,101
0550CZS290,4760,S,75,74,2,550,100,9,만종JC-남원주IC,0,101
0550CZS300,2040,S,603,75,2,550,100,8,신평JC-만종JC,0,101
0550CZS305,5240,S,77,603,2,550,100,7,북원주IC-신평JC,0,101
0550CZS310,10710,S,30,77,2,550,100,6,횡성IC-북원주IC,0,101
0550CZS320,25980,S,35,30,2,550,100,5,홍천IC-횡성IC,0,101
0550CZS330,10370,S,109,35,2,550,100,4,춘천JC-홍천IC,0,101
0550CZS340,12400,S,501,109,2,550,100,3,춘천TG-춘천JC,0,101
0550CZS345,2000,S,495,501,2,550,100,2,춘천IC-춘천TG,0,101
0550CZS350,50,S,457,495,2,550,100,1,중앙고속국도종점-춘천IC,0,101
0552CZE050,9350,E,147,346,2,552,110,1,대동JC-상동IC,0,109
0552CZE060,15800,E,346,345,2,552,110,2,상동IC-삼랑진IC,0,109
0552CZE070,7800,E,345,331,2,552,110,3,삼랑진IC-남밀양IC,0,109
0552CZE080,5800,E,331,332,2,552,110,4,남밀양IC-밀양IC,0,109
0552CZE085,1890,E,332,1025,2,552,110,5,밀양IC-밀양JC,0,109
0552CZE090,16210,E,1025,333,2,552,110,6,밀양JC-청도IC,0,109
0552CZE100,22500,E,333,344,2,552,110,7,청도IC-수성IC,0,109
0552CZE110,3300,E,344,343,2,552,110,8,수성IC-동대구IC,0,109
0552CZE120,2500,E,343,10,2,552,110,9,동대구IC-동대구JC,0,109
0552CZS050,9350,S,346,147,2,552,110,9,상동IC-대동JC,0,109
0552CZS060,15800,S,345,346,2,552,110,8,삼랑진IC-상동IC,0,109
0552CZS070,7800,S,331,345,2,552,110,7,남밀양IC-삼랑진IC,0,109
0552CZS080,5800,S,332,331,2,552,110,6,밀양IC-남밀양IC,0,109
0552CZS085,1890,S,1025,332,2,552,110,5,밀양JC-밀양IC,0,109
0552CZS090,16210,S,333,1025,2,552,110,4,청도IC-밀양JC,0,109
0552CZS100,22500,S,344,333,2,552,110,3,수성IC-청도IC,0,109
0552CZS110,3300,S,343,344,2,552,110,2,동대구IC-수성IC,0,109
0552CZS120,2500,S,10,343,2,552,110,1,동대구JC-동대구IC,0,109
0600CZE010,960,E,235,398,2,600,80,1,강일IC-선동IC,0,108
0600CZE020,960,E,398,399,2,600,80,2,선동IC-미사IC,0,108
0600CZE030,2030,E,399,400,2,600,100,3,미사IC-덕소삼패IC,0,108
0600CZE040,3870,E,400,401,2,600,100,4,덕소삼패IC-남양주TG,0,108
0600CZE050,7040,E,401,402,2,600,100,5,남양주TG-화도IC,0,108
0600CZE060,5300,E,402,403,2,600,100,6,화도IC-서종IC,0,108
0600CZE070,12880,E,403,404,2,600,100,7,서종IC-설악IC,0,108
0600CZE080,14200,E,404,383,2,600,100,8,설악IC-강촌IC,0,108
0600CZE090,9030,E,383,384,2,600,100,9,강촌IC-남춘천IC,0,108
0600CZE100,510,E,384,385,2,600,100,10,남춘천IC-동산TG,0,108
0600CZE110,4880,E,385,406,2,600,100,11,동산TG-조양IC,0,108
0600CZE120,110,E,406,109,2,600,100,12,조양IC-춘천JC,0,108
0600CZE130,16710,E,109,458,2,600,100,13,춘천JC-동홍천IC,0,101
0600CZE140,16730,E,458,631,2,600,100,14,동홍천IC-내촌IC,0,101
0600CZE150,20420,E,631,632,2,600,100,15,내촌IC-인제IC,0,101
0600CZE160,12430,E,632,633,2,600,100,16,인제IC-인제터널,0,101
0600CZE165,12790,E,633,634,2,600,100,17,인제터널-서양양IC,0,101
0600CZE170,10220,E,634,605,2,600,100,18,서양양IC-양양JC,0,101
0600CZS010,960,S,398,235,2,600,80,18,선동IC-강일IC,0,108
0600CZS020,960,S,399,398,2,600,80,17,미사IC-선동IC,0,108
0600CZS030,2030,S,400,399,2,600,100,16,덕소삼패IC-미사IC,0,108
0600CZS040,3870,S,401,400,2,600,100,15,남양주TG-덕소삼패IC,0,108
0600CZS050,7040,S,402,401,2,600,100,14,화도IC-남양주TG,0,108
0600CZS060,5300,S,403,402,2,600,100,13,서종IC-화도IC,0,108
0600CZS070,12880,S,404,403,2,600,100,12,설악IC-서종IC,0,108
0600CZS080,14200,S,383,404,2,600,100,11,강촌IC-설악IC,0,108
0600CZS090,9030,S,384,383,2,600,100,10,남춘천IC-강촌IC,0,108
0600CZS100,510,S,385,384,2,600,100,9,동산TG-남춘천IC,0,108
0600CZS110,4880,S,406,385,2,600,100,8,조양IC-동산TG,0,108
0600CZS120,110,S,109,406,2,600,100,7,춘천JC-조양IC,0,108
0600CZS130,16710,S,458,109,2,600,100,6,동홍천IC-춘천JC,0,101
0600CZS140,16730,S,631,458,2,600,100,5,내촌IC-동홍천IC,0,101
0600CZS150,20420,S,632,631,2,600,100,4,인제IC-내촌IC,0,101
0600CZS160,12430,S,633,632,2,600,100,3,인제터널-인제IC,0,101
0600CZS165,12790,S,634,633,2,600,100,2,서양양IC-인제터널,0,101
0600CZS170,10220,S,605,634,2,600,100,1,양양JC-서양양IC,0,101
0650CZE060,9360,E,594,595,2,650,100,1,근덕IC-삼척IC,0,101
0650CZE070,8700,E,595,37,2,650,100,2,삼척IC-동해IC,0,101
0650CZE080,8280,E,37,27,2,650,100,3,동해IC-망상IC,0,101
0650CZE090,6660,E,27,26,2,650,100,4,망상IC-옥계IC,0,101
0650CZE100,17860,E,26,381,2,650,100,5,옥계IC-남강릉IC,0,101
0650CZE110,8210,E,381,25,2,650,100,6,남강릉IC-강릉IC,0,101
0650CZE120,2700,E,25,24,2,650,100,7,강릉IC-강릉JC,0,101
0650CZE130,7240,E,24,23,2,650,100,8,강릉JC-북강릉IC,0,101
0650CZE140,9240,E,23,22,2,650,100,9,북강릉IC-남양양IC,0,101
0650CZE150,15220,E,22,467,2,650,80,10,남양양IC-하조대IC,0,101
0650CZE160,9670,E,467,564,2,650,100,11,하조대IC-양양IC,0,101
0650CZE170,10270,E,564,606,2,650,100,12,양양IC-북양양IC,0,101
0650CZE180,8320,E,606,607,2,650,100,13,북양양IC-속초IC,0,101
0650CZS060,9360,S,595,594,2,650,100,13,삼척IC-근덕IC,0,101
0650CZS070,8700,S,37,595,2,650,100,12,동해IC-삼척IC,0,101
0650CZS080,8280,S,27,37,2,650,100,11,망상IC-동해IC,0,101
0650CZS090,6660,S,26,27,2,650,100,10,옥계IC-망상IC,0,101
0650CZS100,17860,S,381,26,2,650,100,9,남강릉IC-옥계IC,0,101
0650CZS110,8210,S,25,381,2,650,100,8,강릉IC-남강릉IC,0,101
0650CZS120,2700,S,24,25,2,650,100,7,강릉JC-강릉IC,0,101
0650CZS130,7240,S,23,24,2,650,100,6,북강릉IC-강릉JC,0,101
0650CZS140,9240,S,22,23,2,650,100,5,남양양IC-북강릉IC,0,101
0650CZS150,15220,S,467,22,2,650,100,4,하조대IC-남양양IC,0,101
0650CZS160,9670,S,564,467,2,650,100,3,양양IC-하조대IC,0,101
0650CZS170,10270,S,606,564,2,650,100,2,북양양IC-양양IC,0,101
0650CZS180,8320,S,607,606,2,650,100,1,속초IC-북양양IC,0,101
0651CZE010,4530,E,593,592,2,651,80,1,부산울산시점-동부산IC,0,108
0651CZE015,1500,E,592,386,2,651,80,2,동부산IC-해운대IC,0,108
0651CZE020,7870,E,386,445,3,651,100,3,해운대IC-기장JC,0,108
0651CZE030,5380,E,445,388,3,651,100,4,기장JC-장안IC,0,108
0651CZE040,10300,E,388,389,3,651,100,5,장안IC-온양IC,0,108
0651CZE050,7870,E,389,390,3,651,100,6,온양IC-청량IC,0,108
0651CZE060,3550,E,390,1028,3,651,100,7,청량IC-울주JC,0,108
0651CZE065,1730,E,1028,442,3,651,100,8,울주JC-문수IC,0,108
0651CZE070,4280,E,442,405,3,651,100,9,문수IC-울산JCT,0,108
0651CZS010,4530,S,592,593,2,651,80,9,동부산IC-부산울산시점,0,108
0651CZS015,1500,S,386,592,2,651,80,8,해운대IC-동부산IC,0,108
0651CZS020,7870,S,445,386,3,651,100,7,기장IC-해운대IC,0,108
0651CZS030,5380,S,388,445,3,651,100,6,장안IC-기장IC,0,108
0651CZS040,10300,S,389,388,3,651,100,5,온양IC-장안IC,0,108
0651CZS050,7870,S,390,389,3,651,100,4,청량IC-온양IC,0,108
0651CZS060,3550,S,1028,390,3,651,100,3,울주JC-청량IC,0,108
0651CZS065,1730,S,442,1028,3,651,100,2,문수IC-울주JC,0,108
0651CZS070,4280,S,405,442,3,651,100,1,울산JCT-문수IC,0,108
0652CZE010,8150,E,405,579,2,652,100,1,울산JCT~범서IC,0,101
0652CZE020,14560,E,579,580,2,652,100,2,범서IC~남경주IC,0,101
0652CZE030,11560,E,580,581,2,652,100,3,남경주IC~동경주IC,0,101
0652CZE040,19410,E,581,583,2,652,100,4,동경주IC~남포항IC,0,101
0652CZS010,8150,S,579,405,2,652,100,4,울산JCT~범서IC,0,101
0652CZS020,14560,S,580,579,2,652,100,3,범서IC~남경주IC,0,101
0652CZS030,11560,S,581,580,2,652,100,2,남경주IC~동경주IC,0,101
0652CZS040,19410,S,583,581,2,652,100,1,동경주IC~남포항IC,0,101
0700CZE010,3600,E,1047,1048,2,700,80,1,달서IC-다사IC,0,101
0700CZE020,2320,E,1048,1049,2,700,80,2,다사IC-북달성TG,0,101
0700CZE030,1930,E,1049,1050,2,700,80,3,북달성TG-북다사IC,0,101
0700CZE040,3640,E,1050,1051,2,700,80,4,북다사IC-칠곡JC,0,101
0700CZE050,2400,E,1051,1052,2,700,80,5,칠곡JC-남칠곡TG,0,101
0700CZE060,2520,E,1052,1053,2,700,80,6,남칠곡TG-지천IC,0,101
0700CZE070,3630,E,1053,1054,2,700,80,7,지천IC-동명동호IC,0,101
0700CZE080,230,E,1062,1055,2,700,80,8,대구외곽선2구간시점-서변IC,0,101
0700CZE090,1190,E,1055,1056,2,700,80,9,서변IC-연경TG,0,101
0700CZE100,2810,E,1056,1057,2,700,80,10,연경TG-파군재IC,0,101
0700CZE110,6230,E,1057,1058,2,700,80,11,파군재IC-둔산IC,0,101
0700CZE120,1760,E,1058,1059,2,700,80,12,둔산IC-상매JC,0,101
0700CZE130,260,E,1059,1060,2,700,80,13,상매JC-율암TG,0,101
0700CZE140,230,E,1060,1061,2,700,80,14,율암TG-율암IC,0,101
0700CZE150,880,E,1059,10,1,700,80,15,상매JC-동대구JC,0,101
0700CZS010,3600,S,1048,1047,2,700,80,15,다사IC-달서IC,0,101
0700CZS020,2320,S,1049,1048,2,700,80,14,북달성TG-다사IC,0,101
0700CZS030,1930,S,1050,1049,2,700,80,13,북다사IC-북달성TG,0,101
0700CZS040,3640,S,1051,1050,2,700,80,12,칠곡JC-북다사IC,0,101
0700CZS050,2400,S,1052,1051,2,700,80,11,남칠곡TG-칠곡JC,0,101
0700CZS060,2520,S,1053,1052,2,700,80,10,지천IC-남칠곡TG,0,101
0700CZS070,3630,S,1054,1053,2,700,80,9,동명동호IC-지천IC,0,101
0700CZS080,230,S,1055,1062,2,700,80,8,서변IC-대구외곽선2구간시점,0,101
0700CZS090,1190,S,1056,1055,2,700,80,7,연경TG-서변IC,0,101
0700CZS100,2810,S,1057,1056,2,700,80,6,파군재IC-연경TG,0,101
0700CZS110,6230,S,1058,1057,2,700,80,5,둔산IC-파군재IC,0,101
0700CZS120,1760,S,1059,1058,2,700,80,4,상매JC-둔산IC,0,101
0700CZS130,260,S,1060,1059,2,700,80,3,율암TG-상매JC,0,101
0700CZS140,230,S,1061,1060,2,700,80,2,율암IC-율암TG,0,101
0700CZS150,880,S,10,1059,1,700,80,1,동대구JC-상매JC,0,101
1000CZE010,4160,E,273,272,4,1000,100,1,판교JC-성남IC,0,101
1000CZE020,240,E,272,275,4,1000,100,2,성남IC-성남TG,0,101
1000CZE030,4960,E,275,232,4,1000,100,3,성남TG-송파IC,0,101
1000CZE040,5000,E,232,254,4,1000,100,4,송파IC-서하남IC,0,101
1000CZE050,4960,E,254,253,4,1000,100,5,서하남IC-하남JC,0,101
1000CZE060,2530,E,253,236,6,1000,100,6,하남JC-상일IC,0,101
1000CZE070,3040,E,236,235,6,1000,100,7,상일IC-강일IC,0,101
1000CZE080,990,E,235,267,4,1000,100,8,강일IC-토평IC,0,101
1000CZE090,480,E,267,279,4,1000,100,9,토평IC-구리TG,0,101
1000CZE100,1920,E,279,251,4,1000,100,10,구리TG-남양주IC,0,101
1000CZE110,1900,E,251,249,4,1000,100,11,남양주IC-구리IC,0,101
1000CZE120,2730,E,249,248,4,1000,100,12,구리IC-퇴계원IC,0,101
1000CZE130,2890,E,248,338,4,1000,100,13,퇴계원IC-별내IC,0,101
1000CZE150,7100,E,338,341,4,1000,100,14,별내IC-의정부IC,0,109
1000CZE160,7400,E,341,342,4,1000,100,15,의정부IC-송추IC,0,109
1000CZE170,6300,E,342,350,4,1000,100,16,송추IC-양주TG,0,109
1000CZE180,3200,E,350,340,4,1000,100,17,양주TG-통일로IC,0,109
1000CZE190,3700,E,340,1017,4,1000,100,18,통일로IC-고양JC,0,109
1000CZE195,2900,E,1017,339,4,1000,100,19,고양JC-고양IC,0,109
1000CZE200,3570,E,339,271,4,1000,100,19,고양IC-일산IC,0,109
1000CZE210,2210,E,271,270,4,1000,100,20,일산IC-자유로IC,0,101
1000CZE220,3110,E,270,250,4,1000,100,21,자유로IC-김포IC,0,101
1000CZE230,910,E,250,351,4,1000,100,22,김포IC-김포TG,0,101
1000CZE240,2840,E,351,291,4,1000,100,23,김포TG-노오지JC,0,101
1000CZE250,3020,E,291,292,4,1000,100,24,노오지JC-계양IC,0,101
1000CZE260,2250,E,292,297,4,1000,100,25,계양IC-서운JC,0,101
1000CZE270,2080,E,297,327,4,1000,100,26,서운JC-중동IC,0,101
1000CZE280,2020,E,327,296,4,1000,100,27,중동IC-송내IC,0,101
1000CZE290,2410,E,296,290,4,1000,100,28,송내IC-장수IC,0,101
1000CZE300,4210,E,290,310,4,1000,100,29,장수IC-시흥IC,0,101
1000CZE310,770,E,310,328,4,1000,100,30,시흥IC-시흥TG,0,101
1000CZE320,1890,E,328,311,4,1000,100,31,시흥TG-안현JC,0,101
1000CZE330,5610,E,311,459,4,1000,100,32,안현JC-도리JC,0,101
1000CZE340,3640,E,459,316,4,1000,100,33,도리JC-조남JC,0,101
1000CZE350,5270,E,316,277,4,1000,100,34,조남JC-산본IC,0,101
1000CZE360,4130,E,277,276,4,1000,100,35,산본IC-평촌IC,0,101
1000CZE370,2860,E,276,256,4,1000,100,36,평촌IC-학의JC,0,101
1000CZE380,2200,E,256,263,4,1000,100,37,학의JC-청계TG,0,101
1000CZE390,6600,E,263,273,4,1000,100,38,청계TG-판교JC,0,101
1000CZS010,4160,S,272,273,4,1000,100,38,성남IC-판교JC,0,101
1000CZS020,240,S,275,272,4,1000,100,37,성남TG-성남IC,0,101
1000CZS030,4960,S,232,275,4,1000,100,36,송파IC-성남TG,0,101
1000CZS040,5000,S,254,232,4,1000,100,35,서하남IC-송파IC,0,101
1000CZS050,4960,S,253,254,4,1000,100,34,하남JC-서하남IC,0,101
1000CZS060,2530,S,236,253,6,1000,100,33,상일IC-하남JC,0,101
1000CZS070,3040,S,235,236,6,1000,100,32,강일IC-상일IC,0,101
1000CZS080,990,S,267,235,4,1000,100,31,토평IC-강일IC,0,101
1000CZS090,480,S,279,267,4,1000,100,30,구리TG-토평IC,0,101
1000CZS100,1920,S,251,279,4,1000,100,29,남양주IC-구리TG,0,101
1000CZS110,1900,S,249,251,4,1000,100,28,구리IC-남양주IC,0,101
1000CZS120,2730,S,248,249,4,1000,100,27,퇴계원IC-구리IC,0,101
1000CZS130,2890,S,338,248,4,1000,100,26,별내IC-퇴계원IC,0,101
1000CZS150,7100,S,341,338,4,1000,100,25,의정부IC-별내IC,0,109
1000CZS160,7400,S,342,341,4,1000,100,24,송추IC-의정부IC,0,109
1000CZS170,6300,S,350,342,4,1000,100,23,양주TG-송추IC,0,109
1000CZS180,3200,S,340,350,4,1000,100,22,통일로IC-양주TG,0,109
1000CZS190,3700,S,1017,340,4,1000,100,21,고양JC-통일로IC,0,109
1000CZS195,2900,S,339,1017,4,1000,100,21,고양IC-고양JC,0,109
1000CZS200,3570,S,271,339,4,1000,100,20,일산IC-고양IC,0,109
1000CZS210,2210,S,270,271,4,1000,100,19,자유로IC-일산IC,0,101
1000CZS220,3110,S,250,270,4,1000,100,18,김포IC-자유로IC,0,101
1000CZS230,910,S,351,250,4,1000,100,17,김포TG-김포IC,0,101
1000CZS240,2840,S,291,351,4,1000,100,16,노오지JC-김포TG,0,101
1000CZS250,3020,S,292,291,4,1000,100,15,계양IC-노오지JC,0,101
1000CZS260,2250,S,297,292,4,1000,100,14,서운JC-계양IC,0,101
1000CZS270,2080,S,327,297,4,1000,100,13,중동IC-서운JC,0,101
1000CZS280,2020,S,296,327,4,1000,100,12,송내IC-중동IC,0,101
1000CZS290,2410,S,290,296,4,1000,100,11,장수IC-송내IC,0,101
1000CZS300,4210,S,310,290,4,1000,100,10,시흥IC-장수IC,0,101
1000CZS310,770,S,328,310,4,1000,100,9,시흥TG-시흥IC,0,101
1000CZS320,1890,S,311,328,4,1000,100,8,안현JC-시흥TG,0,101
1000CZS330,5610,S,459,311,4,1000,100,7,도리JC-안현JC,0,101
1000CZS340,3640,S,316,459,4,1000,100,6,조남JC-도리JC,0,101
1000CZS350,5270,S,277,316,4,1000,100,5,산본IC-조남JC,0,101
1000CZS360,4130,S,276,277,4,1000,100,4,평촌IC-산본IC,0,101
1000CZS370,2860,S,256,276,4,1000,100,3,학의JC-평촌IC,0,101
1000CZS380,2200,S,263,256,4,1000,100,2,청계TG-학의JC,0,101
1000CZS390,6600,S,273,263,4,1000,100,1,판교JC-청계TG,0,101
1020CZE010,3900,E,124,144,2,1020,100,1,산인JC-내서JC,0,101
1020CZE020,5400,E,144,141,2,1020,100,2,내서JC-서마산IC,0,101
1020CZE030,3720,E,141,142,2,1020,100,3,서마산IC-동마산IC,0,101
1020CZE040,1500,E,142,211,2,1020,100,4,동마산IC-마산TG,0,101
1020CZE050,2980,E,211,145,2,1020,100,5,마산TG-창원JC,0,101
1020CZS010,3900,S,144,124,2,1020,100,5,내서JC-산인JC,0,101
1020CZS020,5400,S,141,144,2,1020,100,4,서마산IC-내서JC,0,101
1020CZS030,3720,S,142,141,2,1020,100,3,동마산IC-서마산IC,0,101
1020CZS040,1500,S,211,142,2,1020,100,2,마산TG-동마산IC,0,101
1020CZS050,2980,S,145,211,2,1020,100,1,창원JC-마산TG,0,101
1040CZE010,3300,E,139,137,2,1040,100,1,냉정JC-장유IC,0,101
1040CZE020,7410,E,137,498,2,1040,100,2,장유IC-서부산TG,0,101
1040CZE030,2000,E,498,2,2,1040,100,3,서부산TG-가락IC,0,101
1040CZE040,5580,E,2,7,2,1040,100,4,가락IC-서부산IC,0,101
1040CZE050,1940,E,7,1,2,1040,100,5,서부산IC-사상IC,0,101
1040CZS010,3300,S,137,139,2,1040,100,5,장유IC-냉정JC,0,101
1040CZS020,7410,S,498,137,2,1040,100,4,서부산TG-장유IC,0,101
1040CZS030,2000,S,2,498,2,1040,100,3,가락IC-서부산TG,0,101
1040CZS040,5580,S,7,2,2,1040,100,2,서부산IC-가락IC,0,101
1040CZS050,1940,S,1,7,2,1040,100,1,사상IC-서부산IC,0,101
1100CZE010,2160,E,285,441,3,1100,100,1,인천시점-학익JC,0,101
1100CZE020,2040,E,441,286,3,1100,100,2,학익JC-문학IC,0,101
1100CZE030,3300,E,286,288,3,1100,100,3,문학IC-남동IC,0,101
1100CZE040,2330,E,288,287,3,1100,100,4,남동IC-서창JC,0,101
1100CZE050,2270,E,287,329,3,1100,100,5,서창JC-남인천TG,0,101
1100CZE060,1540,E,329,312,3,1100,100,6,남인천TG-신천IC,0,101
1100CZE070,3400,E,312,311,3,1100,100,7,신천IC-안현JC,0,101
1100CZE080,3030,E,311,323,3,1100,100,8,안현JC-광명IC,0,101
1100CZE090,4370,E,323,324,3,1100,100,9,광명IC-일직JC,0,101
1100CZE100,1020,E,324,454,3,1100,100,10,일직JC-석수IC,0,101
1100CZE110,,E,    ,    ,,1100,,,공항신도시JC-영종IC, ,   
1100CZE120,,E,    ,    ,,1100,,,영종IC-인천대교TG, ,   
1100CZE130,,E,    ,    ,,1100,,,인천대교TG-연수JC, ,   
1100CZE140,,E,    ,    ,,1100,,,연수JC-옥련IC, ,   
1100CZE150,,E,    ,    ,,1100,,,옥련IC-학익JC, ,   
1100CZE170,520,E,454,656,3,1100,100,11,석수IC-삼막IC,0,109
1100CZE180,6660,E,656,657,3,1100,100,12,삼막IC-북의왕IC,0,109
1100CZE190,2043,E,657,658,3,1100,100,13,북의왕IC-북청계IC,0,109
1100CZE200,9667,E,658,659,3,1100,100,14,북청계IC-동판교IC,0,109
1100CZE210,2805,E,659,660,3,1100,100,15,동판교IC-여수고가교,0,109
1100CZS010,2160,S,441,285,3,1100,100,15,학익JC-인천시점,0,101
1100CZS020,2040,S,286,441,3,1100,100,14,문학IC-학익JC,0,101
1100CZS030,3300,S,288,286,3,1100,100,13,남동IC-문학IC,0,101
1100CZS040,2330,S,287,288,3,1100,100,12,서창JC-남동IC,0,101
1100CZS050,2270,S,329,287,3,1100,100,11,남인천TG-서창JC,0,101
1100CZS060,1540,S,312,329,3,1100,100,10,신천IC-남인천TG,0,101
1100CZS070,3400,S,311,312,3,1100,100,9,안현JC-신천IC,0,101
1100CZS080,3030,S,323,311,3,1100,100,8,광명IC-안현JC,0,101
1100CZS090,4370,S,324,323,3,1100,100,7,일직JC-광명IC,0,101
1100CZS100,1020,S,454,324,3,1100,100,6,석수IC-일직JC,0,101
1100CZS110,,S,    ,    ,,1100,,,영종IC-공항신도시JC, ,   
1100CZS120,,S,    ,    ,,1100,,,인천대교TG-영종IC, ,   
1100CZS130,,S,    ,    ,,1100,,,연수JC-인천대교TG, ,   
1100CZS140,,S,    ,    ,,1100,,,옥련IC-연수JC, ,   
1100CZS150,,S,    ,    ,,1100,,,학익JC-옥련IC, ,   
1100CZS170,520,S,656,454,3,1100,100,5,삼막IC-석수IC,0,109
1100CZS180,6660,S,657,656,3,1100,100,4,북의왕IC-삼막IC,0,109
1100CZS190,2043,S,658,657,3,1100,100,3,북청계IC-북의왕IC,0,109
1100CZS200,9667,S,659,658,3,1100,100,2,동판교IC-북청계IC,0,109
1100CZS210,2805,S,660,659,3,1100,100,1,여수고가교-동판교IC,0,109
1102CZE010,2000,E,435,436,3,1102,100,1,공항신도시JC-영종IC,0,109
1102CZE020,700,E,436,437,3,1102,100,2,영종IC-인천대교TG,0,109
1102CZE030,14200,E,437,438,3,1102,100,3,인천대교TG-연수JC,0,109
1102CZE040,1900,E,438,440,3,1102,100,4,연수JC-옥련IC,0,109
1102CZE050,2000,E,440,441,3,1102,100,5,옥련IC-학익JC,0,109
1102CZS010,2000,S,436,435,3,1102,100,1,공항신도시JC-영종IC,0,109
1102CZS020,700,S,437,436,3,1102,100,2,영종IC-인천대교TG,0,109
1102CZS030,14200,S,438,437,3,1102,100,3,인천대교TG-연수JC,0,109
1102CZS040,1900,S,440,438,3,1102,100,4,연수JC-옥련IC,0,109
1102CZS050,2000,S,441,440,3,1102,100,5,옥련IC-학익JC,0,109
1103CZE010,2310,E,438,439,3,1103,100,1,연수JC-송도IC,0,109
1103CZS010,2310,S,439,438,3,1103,100,1,연수JC-송도IC,0,109
1200CZE010,3710,E,284,283,3,1200,100,1,인천시점-도화IC,0,101
1200CZE020,2550,E,283,295,3,1200,100,2,도화IC-가좌IC,0,101
1200CZE030,4130,E,295,294,3,1200,100,3,가좌IC-서인천IC,0,101
1200CZE040,3780,E,294,289,4,1200,100,4,서인천IC-부평IC,0,101
1200CZE050,2330,E,289,326,4,1200,100,5,부평IC-인천TG,0,101
1200CZE060,790,E,326,297,4,1200,100,6,인천TG-서운JC,0,101
1200CZE070,1730,E,297,298,4,1200,100,7,서운JC-부천IC,0,101
1200CZE080,4880,E,298,234,4,1200,100,8,부천IC-신월IC,0,101
1200CZE090,800,E,234,496,4,1200,100,9,신월IC-목동교IC,0,101
1200CZS010,3710,S,283,284,3,1200,100,9,도화IC-인천시점,0,101
1200CZS020,2550,S,295,283,3,1200,100,8,가좌IC-도화IC,0,101
1200CZS030,4130,S,294,295,3,1200,100,7,서인천IC-가좌IC,0,101
1200CZS040,3780,S,289,294,4,1200,100,6,부평IC-서인천IC,0,101
1200CZS050,2330,S,326,289,4,1200,100,5,인천TG-부평IC,0,101
1200CZS060,790,S,297,326,4,1200,100,4,서운JC-인천TG,0,101
1200CZS070,1730,S,298,297,4,1200,100,3,부천IC-서운JC,0,101
1200CZS080,4880,S,234,298,4,1200,100,2,신월IC-부천IC,0,101
1200CZS090,800,S,496,234,4,1200,100,1,목동교IC-신월IC,0,101
1201CZE010,6970,E,234,1032,2,1201,100,1,신월IC-여의도JC, ,   
1201CZE020,1730,E,1032,1033,2,1201,100,2,여의도JC-서울제물포선종점, ,   
1201CZS010,6970,S,1032,234,2,1201,100,2,여의도JC-신월IC, ,   
1201CZS020,1730,S,1033,1032,2,1201,100,1,서울제물포선종점-여의도JC, ,   
1300CZE010,2800,E,282,435,4,1300,100,1,신불IC-공항신도시JC,0,109
1300CZE020,3400,E,435,281,4,1300,100,2,공항신도시JC-공항입구IC,0,109
1300CZE030,10500,E,281,293,4,1300,100,3,공항입구IC-북인천IC,0,109
1300CZE040,5200,E,293,325,4,1300,100,4,신공항IC-인천공항TG,0,109
1300CZE050,7500,E,325,291,4,1300,100,5,인천공항TG-노오지JC,0,109
1300CZE060,3900,E,291,252,4,1300,100,6,노오지JC-김포공항IC,0,109
1300CZE070,2100,E,252,479,4,1300,100,7,김포공항IC-88JC,0,109
1300CZE080,1800,E,479,478,4,1300,100,8,88JC-북로JC,0,109
1300CZS010,2800,S,435,282,4,1300,100,8,공항신도시JC-신불IC,0,109
1300CZS020,3400,S,281,435,4,1300,100,7,공항입구IC-공항신도시JC,0,109
1300CZS030,10500,S,293,281,4,1300,100,6,북인천IC-공항입구IC,0,109
1300CZS040,5200,S,325,293,4,1300,100,5,인천공항TG-신공항IC,0,109
1300CZS050,7500,S,291,325,4,1300,100,4,노오지JC-인천공항TG,0,109
1300CZS060,3900,S,252,291,4,1300,100,3,김포공항IC-노오지JC,0,109
1300CZS070,2100,S,479,252,4,1300,100,2,88JC-김포공항IC,0,109
1300CZS080,1800,S,478,479,4,1300,100,1,북로JC-88JC,0,109
1510CZE010,660,E,481,417,2,1510,80,1,동서천IC-동서천JC,0,101
1510CZE020,20630,E,417,416,2,1510,110,2,동서천JC-서부여IC,0,101
1510CZE030,8860,E,416,415,2,1510,110,3,서부여IC-부여IC,0,101
1510CZE040,12420,E,415,414,2,1510,110,4,부여IC-청양IC,0,101
1510CZE050,13720,E,414,413,2,1510,110,5,청양IC-서공주IC,0,101
1510CZE060,3550,E,413,412,2,1510,110,6,서공주IC-서공주JC,0,101
1510CZS010,660,S,417,481,2,1510,80,6,동서천JC-동서천IC,0,101
1510CZS020,20630,S,416,417,2,1510,110,5,서부여IC-동서천JC,0,101
1510CZS030,8860,S,415,416,2,1510,110,4,부여IC-서부여IC,0,101
1510CZS040,12420,S,414,415,2,1510,110,3,청양IC-부여IC,0,101
1510CZS050,13720,S,413,414,2,1510,110,2,서공주IC-청양IC,0,101
1510CZS060,3550,S,412,413,2,1510,110,1,서공주JC-서공주IC,0,101
1710CZE030,600,E,509,510,0,1710,100,1,흥덕IC-금광지하차도남측,0,109
1710CZE040,1800,E,510,511,0,1710,100,2,금광지하차도남측-금광지하차도북측,0,109
1710CZE050,600,E,511,513,0,1710,100,3,금광지하차도북측-광교IC,0,109
1710CZE060,2600,E,513,514,0,1710,100,4,광교IC-서수지IC,0,109
1710CZE070,900,E,514,515,0,1710,100,5,서수지IC-서수지TG,0,109
1710CZE080,2200,E,515,516,0,1710,100,6,서수지TG-고기터널남측,0,109
1710CZE090,900,E,516,517,0,1710,100,7,고기터널남측-고기터널북측,0,109
1710CZE100,500,E,517,518,0,1710,100,8,고기터널북측-고기JC남측,0,109
1710CZE110,400,E,518,519,0,1710,100,9,고기JC남측-고기JC북측,0,109
1710CZE120,700,E,519,520,0,1710,100,10,고기JC북측-하산운터널남측,0,109
1710CZE130,1700,E,520,521,0,1710,100,11,하산운터널남측-하산운터널북측,0,109
1710CZE140,100,E,521,522,0,1710,100,12,하산운터널북측-서판교IC남측,0,109
1710CZE150,700,E,522,523,0,1710,100,13,서판교IC남측-서판교IC북측,0,109
1710CZE160,500,E,523,524,0,1710,100,14,서판교IC북측-운중터널남측,0,109
1710CZE170,800,E,524,525,0,1710,100,15,운중터널남측-운중터널북측,0,109
1710CZE180,1100,E,525,526,0,1710,100,16,운중터널북측-금토TG,0,109
1710CZE190,400,E,526,681,0,1710,100,17,금토TG-금토JC,0,109
1710CZE195,1300,E,681,527,0,1710,100,18,금토JC-고등IC,0,109
1710CZE200,1600,E,527,528,0,1710,100,19,고등IC-심곡터널남측,0,109
1710CZE210,1300,E,528,529,0,1710,100,20,심곡터널남측-심곡터널북측,0,109
1710CZE220,300,E,529,530,0,1710,100,21,심곡터널북측-세곡터널남측,0,109
1710CZE230,1200,E,530,531,0,1710,100,22,세곡터널남측-세곡터널북측,0,109
1710CZE240,600,E,531,532,0,1710,100,23,세곡터널북측-헌릉IC,0,109
1710CZS030,600,S,510,509,0,1710,100,24,금광지하차도남측-흥덕IC,0,109
1710CZS040,1800,S,511,510,0,1710,100,23,금광지하차도북측-금광지하차도남측,0,109
1710CZS050,600,S,513,511,0,1710,100,22,광교IC-금광지하차도북측,0,109
1710CZS060,2600,S,514,513,0,1710,100,21,서수지IC-광교IC,0,109
1710CZS070,900,S,515,514,0,1710,100,20,서수지TG-서수지IC,0,109
1710CZS080,2200,S,516,515,0,1710,100,19,고기터널남측-서수지TG,0,109
1710CZS090,900,S,517,516,0,1710,100,18,고기터널북측-고기터널남측,0,109
1710CZS100,500,S,518,517,0,1710,100,17,고기JC남측-고기터널북측,0,109
1710CZS110,200,S,533,518,0,1710,100,16,고기JC북측-고기JC남측,0,109
1710CZS120,200,S,519,533,0,1710,100,15,서분당IC-고기JC북측,0,109
1710CZS121,900,S,520,533,0,1710,100,14,하산운터널남측-서분당IC,0,109
1710CZS130,1700,S,521,520,0,1710,100,13,하산운터널북측-하산운터널남측,0,109
1710CZS140,100,S,522,521,0,1710,100,12,서판교IC남측-하산운터널북측,0,109
1710CZS150,700,S,523,522,0,1710,100,11,서판교IC북측-서판교IC남측,0,109
1710CZS160,500,S,524,523,0,1710,100,10,운중터널남측-서판교IC북측,0,109
1710CZS170,800,S,525,524,0,1710,100,9,운중터널북측-운중터널남측,0,109
1710CZS180,1100,S,526,525,0,1710,100,8,금토TG-운중터널북측,0,109
1710CZS190,400,S,681,526,0,1710,100,7,금토JC-금토TG,0,109
1710CZS195,1300,S,527,681,0,1710,100,6,고등IC-금토JC,0,109
1710CZS200,1600,S,528,527,0,1710,100,5,심곡터널남측-고등IC,0,109
1710CZS210,1300,S,529,528,0,1710,100,4,심곡터널북측-심곡터널남측,0,109
1710CZS220,300,S,530,529,0,1710,100,3,세곡터널남측-심곡터널북측,0,109
1710CZS230,1200,S,531,530,0,1710,100,2,세곡터널북측-세곡터널남측,0,109
1710CZS240,600,S,532,531,0,1710,100,1,헌릉IC-세곡터널북측,0,109
2510CZE010,5520,E,170,172,2,2510,100,1,논산JC-논산IC,0,101
2510CZE020,9480,E,172,661,2,2510,100,2,논산IC-양촌Hi,0,101
2510CZE025,12950,E,661,349,2,2510,100,3,양촌Hi-계룡IC,0,101
2510CZE030,6430,E,349,99,2,2510,100,4,계룡IC-서대전JC,0,101
2510CZE040,8430,E,99,101,2,2510,100,5,서대전JC-유성IC,0,101
2510CZE050,2890,E,101,421,2,2510,100,6,유성IC-유성JC,0,101
2510CZE060,4610,E,421,103,2,2510,100,7,유성JC-북대전IC,0,101
2510CZE070,3590,E,103,102,2,2510,100,8,북대전IC-회덕JC,0,101
2510CZS010,5520,S,172,170,2,2510,100,8,논산IC-논산JC,0,101
2510CZS020,9480,S,661,172,2,2510,100,7,양촌Hi-논산IC,0,101
2510CZS025,12950,S,349,661,2,2510,100,6,계룡IC-양촌Hi,0,101
2510CZS030,6430,S,99,349,2,2510,100,5,서대전JC-계룡IC,0,101
2510CZS040,8430,S,101,99,2,2510,100,4,유성IC-서대전JC,0,101
2510CZS050,2890,S,421,101,2,2510,100,3,유성JC-유성IC,0,101
2510CZS060,4610,S,103,421,2,2510,100,2,북대전IC-유성JC,0,101
2510CZS070,3590,S,102,103,2,2510,100,1,회덕JC-북대전IC,0,101
3000CZE010,1080,E,99,98,4,3000,100,1,서대전JC-서대전IC,0,101
3000CZE020,4610,E,98,97,4,3000,100,2,서대전IC-안영IC,0,101
3000CZE030,7610,E,97,106,4,3000,100,3,안영IC-산내JC,0,101
3000CZS010,1080,S,98,99,4,3000,100,3,서대전IC-서대전JC,0,101
3000CZS020,4610,S,97,98,4,3000,100,2,안영IC-서대전IC,0,101
3000CZS030,7610,S,106,97,4,3000,100,1,산내JC-안영IC,0,101
3010CZE010,3830,E,369,610,2,3010,100,1,낙동JCT-상주JCT,0,109
3010CZE020,8280,E,610,1003,3,3010,100,2,상주JCT-도개IC,0,109
3010CZE030,16160,E,1003,1004,2,3010,100,3,도개IC-서군위IC,0,109
3010CZE040,13220,E,1004,1005,2,3010,100,4,서군위IC-군위JCT,0,109
3010CZE050,10830,E,1005,1006,2,3010,100,5,군위JCT-동군위IC,0,109
3010CZE060,15440,E,1006,1007,2,3010,100,6,동군위IC-신녕IC,0,109
3010CZE070,7410,E,1007,1008,2,3010,100,7,신녕IC-화산JCT,0,109
3010CZE080,7970,E,1008,1009,2,3010,100,8,화산JCT-동영천IC,0,109
3010CZE090,10370,E,1009,1011,2,3010,100,9,동영천IC-북안IC,0,109
3010CZE100,490,E,1011,1012,2,3010,100,10,북안IC-영천JCT,0,109
3010CZS010,3830,S,610,369,2,3010,100,10,상주JCT-낙동JCT,0,109
3010CZS020,8280,S,1003,610,3,3010,100,9,도개IC-상주JCT,0,109
3010CZS030,16160,S,1004,1003,2,3010,100,8,서군위IC-도개IC,0,109
3010CZS040,13220,S,1005,1004,2,3010,100,7,군위JCT-서군위IC,0,109
3010CZS050,10830,S,1006,1005,2,3010,100,6,동군위IC-군위JCT,0,109
3010CZS060,15440,S,1007,1006,2,3010,100,5,신녕IC-동군위IC,0,109
3010CZS070,7410,S,1008,1007,2,3010,100,4,화산JCT-신녕IC,0,109
3010CZS080,7970,S,1009,1008,2,3010,100,3,동영천IC-화산JCT,0,109
3010CZS090,10370,S,1011,1009,2,3010,100,2,북안IC-동영천IC,0,109
3010CZS100,490,S,1012,1011,2,3010,100,1,영천JCT-북안IC,0,109
4000CZE010,4970,E,432,426,3,4000,100,1,서오산JC-북오산IC,0,109
4000CZE020,4230,E,426,431,3,4000,100,2,북오산IC-동탄JC,0,109
4000CZS010,4970,S,426,432,3,4000,100,2,북오산IC-서오산JC,0,109
4000CZS020,4230,S,431,426,3,4000,100,1,동탄JC-북오산IC,0,109
4001CZE100,9300,E,625,626,2,4001,100,1,인천김포민자고속도로시점-남청라JC,0,109
4001CZE110,4900,E,626,627,2,4001,100,2,남청라JC-북청라IC,0,109
4001CZE120,4800,E,627,628,2,4001,100,3,북청라IC-검단양촌IC,0,109
4001CZE130,5400,E,628,629,2,4001,100,4,검단양촌IC-대곶IC,0,109
4001CZE140,3600,E,629,630,2,4001,100,5,대곶IC-서김포IC,0,109
4001CZS100,9300,S,626,625,2,4001,100,5,남청라JC-시점,0,109
4001CZS110,4900,S,627,626,2,4001,100,4,북청라IC-남청라JC,0,109
4001CZS120,4800,S,628,627,2,4001,100,3,검단양촌IC-북청라IC,0,109
4001CZS130,5400,S,629,628,2,4001,100,2,대곶IC-검단양촌IC,0,109
4001CZS140,3600,S,630,629,2,4001,100,1,서김포IC-대곶IC,0,109
4002CZE010,4650,E,642,646,2,4002,100,1,소흘JC-옥정IC,0,109
4002CZE020,1290,E,646,647,2,4002,100,2,옥정IC-양주IC,0,109
4002CZS010,4650,S,646,642,2,4002,100,2,옥정IC-소흘JC,0,109
4002CZS020,1290,S,647,646,2,4002,100,1,양주IC-옥정IC,0,109
4003CZE010,1600,E,1034,1035,2,4003,100,1,화성JC-남봉담IC,0,109
4003CZE020,5750,E,1035,1038,2,4003,100,2,남봉담IC-남비봉IC,0,109
4003CZE030,1650,E,1038,1039,3,4003,100,3,남비봉IC-팔탄JC,0,109
4003CZE040,5400,E,1039,1042,3,4003,100,4,팔탄JC-화성IC,0,109
4003CZE050,2200,E,1042,1043,2,4003,100,5,화성IC-마도IC,0,109
4003CZE060,1020,E,1043,1044,2,4003,100,6,마도IC-마도JC,0,109
4003CZS010,1600,S,1035,1034,2,4003,100,6,남봉담IC-화성JC,0,109
4003CZS020,5750,S,1038,1035,2,4003,100,5,남비봉IC-남봉담JC,0,109
4003CZS030,1650,S,1039,1038,3,4003,100,4,팔탄JC-남비봉IC,0,109
4003CZS040,5400,S,1042,1039,3,4003,100,3,화성IC-팔탄JC,0,109
4003CZS050,2200,S,1043,1042,2,4003,100,2,마도IC-화성IC,0,109
4003CZS060,1020,S,1044,1043,2,4003,100,1,마도JC-마도IC,0,109
4004CZE010,200,E,684,432,2,4004,100,1,화성광주선시점-동탄JCT,0,109
4004CZE020,4780,E,432,686,2,4004,100,2,동탄JCT-동탄IC,0,109
4004CZE030,4740,E,686,687,2,4004,100,3,동탄IC-서용인IC,0,109
4004CZE040,4430,E,687,688,2,4004,100,4,서용인IC-서용인JCT,0,109
4004CZE050,2780,E,688,689,2,4004,100,5,서용인JCT-포곡IC,0,109
4004CZE060,11030,E,689,690,2,4004,100,6,포곡IC-도척IC,0,109
4004CZE070,3210,E,690,691,2,4004,100,7,도척IC-곤지암JCT,0,109
4004CZS010,200,S,432,684,2,4004,100,7,동탄JCT-화성광주선시점,0,109
4004CZS020,4780,S,686,432,2,4004,100,6,동탄IC-동탄JCT,0,109
4004CZS030,4740,S,687,686,2,4004,100,5,서용인IC-동탄IC,0,109
4004CZS040,4430,S,688,687,2,4004,100,4,서용인JCT-서용인IC,0,109
4004CZS050,2780,S,689,688,2,4004,100,3,포곡IC-서용인JCT,0,109
4004CZS060,11030,S,690,689,2,4004,100,2,도척IC-포곡IC,0,109
4004CZS070,3210,S,691,690,2,4004,100,1,곤지암JCT-도척IC,0,109
4005CZE010,7480,E,565,1067,2,4005,100,1,양평IC-두물머리Hi,0,101
4005CZE020,5160,E,1067,1068,2,4005,100,2,두물머리Hi-조안IC,0,101
4005CZS010,7480,S,1067,565,2,4005,100,2,두물머리Hi-양평IC,0,101
4005CZS020,5160,S,1068,1067,2,4005,100,1,조안IC-두물머리Hi,0,101
4006CZE010,2650,E,1075,1076,2,4006,100,1,시화IC-남안산JC,0,101
4006CZS010,2650,S,1076,1075,2,4006,100,1,남안산JC-시화IC,0,101
4510CZE010,3100,E,354,680,2,4510,100,1,현풍JC-북현풍Hi,0,101
4510CZE015,9300,E,680,17,2,4510,100,2,북현풍Hi-달성IC,0,101
4510CZE020,2900,E,17,16,2,4510,100,3,달성IC-옥포JC,0,101
4510CZE030,1600,E,16,499,4,4510,100,4,옥포JC-화원옥포TG,0,101
4510CZE035,600,E,499,15,4,4510,80,5,화원옥포TG-화원옥포IC,0,101
4510CZE040,2600,E,15,676,4,4510,80,6,화원옥포IC-유천Hi,0,101
4510CZE045,3250,E,676,20,4,4510,80,7,유천Hi-남대구IC,0,101
4510CZE050,1570,E,20,19,3,4510,80,8,남대구IC-성서IC,0,101
4510CZE060,3180,E,19,14,3,4510,100,9,성서IC-서대구IC,0,101
4510CZE070,200,E,14,500,3,4510,100,10,서대구IC-서대구TG,0,101
4510CZE080,1140,E,500,13,3,4510,100,11,서대구TG-금호JC,0,101
4510CZS010,3100,S,680,354,2,4510,100,11,북현풍Hi-현풍JC,0,101
4510CZS015,9300,S,17,680,2,4510,100,10,달성IC-북현풍Hi,0,101
4510CZS020,2900,S,16,17,2,4510,100,9,옥포JC-달성IC,0,101
4510CZS030,1600,S,499,16,4,4510,100,8,화원옥포TG-옥포JC,0,101
4510CZS035,600,S,15,499,4,4510,80,7,화원옥포IC-화원옥포TG,0,101
4510CZS040,2600,S,676,15,4,4510,80,6,유천Hi-화원옥포IC,0,101
4510CZS045,3250,S,20,676,4,4510,80,5,남대구IC-유천Hi,0,101
4510CZS050,1570,S,19,20,3,4510,80,4,성서IC-남대구IC,0,101
4510CZS060,3180,S,14,19,3,4510,100,3,서대구IC-성서IC,0,101
4510CZS070,200,S,500,14,3,4510,100,2,서대구TG-서대구IC,0,101
4510CZS080,1140,S,13,500,3,4510,100,1,금호JC-서대구TG,0,101
5000CZE010,6100,E,1064,1065,2,5000,100,1,남광산IC-남장성IC,0,101
5000CZE020,3600,E,1065,1066,2,5000,100,2,남장성IC-남장성JC,0,101
5000CZS010,6100,S,1065,1064,2,5000,100,2,남장성IC-남광산IC,0,101
5000CZS020,3600,S,1066,1065,2,5000,100,1,남장성JC-남장성IC,0,101
5510CZE005,9190,E,577,147,3,5510,100,1,김해JC-대동JC,0,101
5510CZE010,4160,E,147,152,3,5510,100,2,대동JC-물금IC,0,101
5510CZE020,2300,E,152,154,3,5510,100,3,물금IC-남양산IC,0,101
5510CZE030,1770,E,154,155,3,5510,100,4,남양산IC-양산JC,0,101
5510CZS005,9190,S,147,577,3,5510,100,4,대동JC-김해JC,0,101
5510CZS010,4160,S,152,147,3,5510,100,3,물금IC-대동JC,0,101
5510CZS020,2300,S,154,152,3,5510,100,2,남양산IC-물금IC,0,101
5510CZS030,1770,S,155,154,3,5510,100,1,양산JC-남양산IC,0,101
6000CZE010,5190,E,663,664,2,6000,100,1,진영JC-진영IC,0,101
6000CZE020,3850,E,664,665,2,6000,100,2,진영IC-한림IC,0,101
6000CZE030,8200,E,665,666,2,6000,100,3,한림IC-광재IC,0,101
6000CZE040,8950,E,666,667,2,6000,100,4,광재IC-대감JC,0,101
6000CZE050,1770,E,667,668,2,6000,100,5,대감JC-김해가야Hi,0,101
6000CZE060,9920,E,668,669,2,6000,100,6,김해가야Hi-노포JC,0,101
6000CZE070,1100,E,669,670,2,6000,100,7,노포JC-금정IC,0,101
6000CZE080,4240,E,670,671,2,6000,100,8,금정IC-기장철마IC,0,101
6000CZE090,5580,E,671,445,2,6000,100,9,기장철마IC-기장JC,0,101
6000CZS010,5190,S,664,663,2,6000,100,9,진영IC-진영JC,0,101
6000CZS020,3850,S,665,664,2,6000,100,8,한림IC-진영IC,0,101
6000CZS030,8200,S,666,665,2,6000,100,7,광재IC-한림IC,0,101
6000CZS040,8950,S,667,666,2,6000,100,6,대감JC-광재IC,0,101
6000CZS050,1770,S,668,667,2,6000,100,5,김해가야Hi-대감JC,0,101
6000CZS060,9920,S,669,668,2,6000,100,4,노포JC-김해가야Hi,0,101
6000CZS070,1100,S,670,669,2,6000,100,3,금정IC-노포JC,0,101
6000CZS080,4240,S,671,670,2,6000,100,2,기장철마IC-금정IC,0,101
6000CZS090,5580,S,445,671,2,6000,100,1,기장JC-기장철마IC,0,101